id,MasterItemNo,QtyShipped,UOM,UnitCost,TotalCost
3708,63644,3,roll,2004.0,6012.0
6302,51163,76,PC,118908.04453125,9037011.38
8687,61508,38,EA,267.2,10153.6
361,60830,3,nos,79742.5,239227.5
13231,56907,19,PC,126753.0,2408307.0
9001,43459,3,BD,6721.75,20165.25
1924,46650,118,each,18114.9075,2137559.08
8950,66707,20,PC,285570.0,5711400.0
4449,60830,2,PCS,79742.5,159485.0
1954,63799,31,PCS,432.53,13408.43
3695,63824,30,pcs,77571.5,2327145.0
7966,60830,18,CT,79742.5,1435365.0
8870,60830,2,BX,79742.5,159485.0
13371,60057,3,RL,559.45,1678.35
12399,63303,103,PC,48430.0,4988290.0
11113,61145,11,PC,85253.5,937788.5
9397,50919,53,PC,141532.5,7501222.5
3469,61206,5,pcs,61122.0,305610.0
12723,61332,6,PC,68470.0,410820.0
10172,65170,19,PC,131930.0,2506670.0
1386,64052,3,nos,2783.89,8351.67
3388,63845,31,PCS,432.53,13408.43
12442,66799,2,CN,2158.4750000000004,4316.95
5747,62100,220,CT,981.125,215847.5
12411,55228,28,BG,1327.65,37174.2
13189,62176,10,CT,80661.0,806610.0
10114,61012,47,PC,255426.5,12005045.5
8876,42286,39,PC,2413.15,94112.85
2930,60830,2,BOX,79742.5,159485.0
869,64151,5,nos,5834.5625,29172.81
13061,60830,44,PC,79742.5,3508670.0
609,64183,3,nos,2408.14,7224.42
4605,60830,3,nos,79742.5,239227.5
1731,56729,3,nos,12087.46,36262.38
7337,60638,22,PC,108717.0,2391774.0
3703,61206,19,pcs,61122.0,1161318.0
11948,60933,4,PC,105293.5,421174.0
5130,51169,347,BC,18114.9075,6285872.9
5606,60202,5,PA,75733.10833333334,378665.54
10684,67094,4,RL,13777.5,55110.0
8297,60205,42,PC,63042.50000000001,2647785.0
4541,60830,5,PCS,79742.5,398712.5
1321,45733,4,EA,19204.165,76816.66
5816,40210,2,PC,3249.82,6499.64
11013,53691,21,PC,39245.0,824145.0
4376,58210,45,PAIL,1837.0,82665.0
1603,60830,7,nos,79742.5,558197.5
10743,26930,24,PC,5427.5,130260.0
10443,53366,76,CT,851.7,64729.2
2321,21181,2,BOX,11820.26,23640.52
4251,60830,26,PCS,79742.5,2073305.0
2996,60830,13,each,79742.5,1036652.5
5859,53850,162,PC,55193.5,8941347.0
12269,60830,122,PC,79742.5,9728585.0
64,62985,2,nos,5537.72,11075.44
2520,55228,5,bag,1327.65,6638.25
10001,61424,3,PC,608297.5,1824892.5
10229,60015,239,PC,52521.50000000001,12552638.5
12295,61343,188,PC,59285.0,11145580.0
10772,60830,19,PC,79742.5,1515107.5
3985,58225,4,PCS,48012.5,192050.0
4873,60830,3,nos,79742.5,239227.5
9059,49025,65,CT,64295.0,4179175.0
3502,42172,18,roll,313.125,5636.25
6462,51249,44,PC,207915.0,9148260.0
354,64631,2,nos,2570.965,5141.93
9759,60830,83,PC,79742.5,6618627.5
1596,60830,3,nos,79742.5,239227.5
7922,54405,8,PC,79575.5,636604.0
4004,58225,16,PCS,48012.5,768200.0
1143,47235,7,nos,258.85,1811.95
10804,61409,27,PC,90597.5,2446132.5
3791,58219,3,box,1189.875,3569.62
7110,60713,10,PC,162157.0,1621570.0
1394,60830,2,nos,79742.5,159485.0
12752,60830,93,BX,79742.5,7416052.5
3205,36443,5,PKG,474.28,2371.4
8055,61058,10,PC,148463.0,1484630.0
11540,61323,17,PC,55360.5,941128.5
2349,61186,23,pcs,52521.5,1207994.5
11867,59971,54,PC,75985.0,4103190.0
7464,61289,239,PC,39662.5,9479337.5
12015,59790,721,PC,47595.0,34315995.0
1373,64273,3,nos,3340.835,10022.51
8272,66497,5,PC,203155.5,1015777.5
2928,63831,25,PCS,58450.0,1461250.0
11263,61289,3,PC,39662.5,118987.5
7364,61380,44,PC,41082.0,1807608.0
2120,64923,3,can,9427.15,28281.45
12208,61343,188,PC,59285.0,11145580.0
3077,63577,20,pcs,49432.0,988640.0
3694,58198,48,pcs,40080.0,1923840.0
10426,60830,14,PC,79742.5,1116395.0
6246,62108,6,CT,38827.5,232965.0
7927,50921,60,PC,169339.7395833333,10160384.37
11876,60830,13,PC,79742.5,1036652.5
2911,63492,12,pcs,45925.0,551100.0
5814,60102,2,BX,2338.0,4676.0
5427,60695,129,PC,196225.0,25313025.0
1531,60830,12,nos,79742.5,956910.0
7653,60531,34,EA,730.625,24841.25
2183,63858,53,pc,330075.5,17494001.5
11578,60803,40,PC,79750.00109553023,3190000.04
5810,60102,2,BX,2338.0,4676.0
13229,41912,17,PC,149131.0,2535227.0
5062,56907,82,PC,126753.0,10393746.0
12051,53691,8,PC,39245.0,313960.0
3956,42998,6,case,708.915,4253.49
10847,60830,45,EA,79742.5,3588412.5
12847,60933,4,PC,105293.5,421174.0
8515,60830,8,PC,79742.5,637940.0
2526,42998,6,case,708.915,4253.49
4098,63760,22,EA,18114.9075,398527.96
13093,60205,3,CT,63042.50000000001,189127.5
5887,60830,23,PC,79742.5,1834077.5
2502,65655,5,box,1093.85,5469.25
3942,61206,10,pcs,61122.0,611220.0
3707,63799,24,PCS,432.53,10380.72
12119,61146,39,CT,85252.95065789473,3324865.08
13291,51173,19,PC,90722.75,1723732.25
7656,60004,35,PC,292.25,10228.75
9979,49210,18,PC,115316.97916666667,2075705.62
12683,60409,31,PC,54108.0,1677348.0
8729,65410,3,PC,128590.0,385770.0
10085,58208,4,PC,170757.5,683030.0
2656,63657,2,pcs,165037.75,330075.5
5917,60957,54,PC,127922.0,6907788.0
7866,61347,17,PC,93520.0,1589840.0
12672,43460,3,BD,8032.7,24098.1
11032,60409,71,PC,54108.0,3841668.0
2070,32491,2,each,752.335,1504.67
9036,32043,11,PC,38410.0,422510.0
3194,63655,8,each,6171.485,49371.88
11845,49025,117,CT,64295.0,7522515.0
456,64529,4,nos,33362.425,133449.7
10126,66772,13,PC,224363.323943662,2916723.21
6724,62541,2,CT,21710.0,43420.0
1702,63143,13,nos,403.305,5242.96
10521,61289,74,PC,39662.5,2935025.0
3059,58225,4,PCS,48012.5,192050.0
12751,60830,6,EA,79742.5,478455.0
4871,60830,3,nos,79742.5,239227.5
5548,61289,11,PC,39662.5,436287.5
873,50564,3,nos,5774.86,17324.58
3022,42172,3,roll,313.125,939.38
2895,58198,10,pcs,40080.0,400800.0
938,34748,3,nos,14361.165,43083.5
169,60830,2,nos,79742.5,159485.0
12719,65118,51,PC,25050.0,1277550.0
9626,61343,45,PC,59285.0,2667825.0
4348,63562,20,bag,35070.0,701400.0
1740,56728,3,nos,11360.175,34080.52
8856,60830,3,PC,79742.5,239227.5
4024,58211,4,can,1983.125,7932.5
9648,60830,12,PC,79742.5,956910.0
10547,60830,4,PC,79742.5,318970.0
11910,40328,62,PC,192217.0,11917454.0
4619,60830,5,nos,79742.5,398712.5
13128,62093,41,CT,981.125,40226.12
4702,60830,40,nos,79742.5,3189700.0
3317,23936,21,each,4404.625,92497.12
8577,66968,3,CT,75734.5,227203.5
2752,63657,2,pcs,165037.75,330075.5
6031,60957,11,PC,127922.0,1407142.0
7574,65105,38,PC,302.6875,11502.12
4203,64011,46,PCS,21209.0,975614.0
5229,60933,41,PC,105293.5,4317033.5
9271,60830,22,PC,79742.5,1754335.0
9726,40328,18,PC,192217.0,3459906.0
2808,60830,9,PCS,79742.5,717682.5
4016,63699,18,pcs,93353.0,1680354.0
12803,37856,2,BX,4112.375,8224.75
5051,60205,3,CT,63042.50000000001,189127.5
9966,60205,30,CT,63042.50000000001,1891275.0
4505,60830,9,PCS,79742.5,717682.5
1087,60830,3,nos,79742.5,239227.5
7493,28234,43,CT,868.4,37341.2
12416,61343,106,PC,59285.0,6284210.0
11323,62118,5,PC,3159.64,15798.2
2021,58225,30,PCS,48012.5,1440375.0
12233,64800,60,BG,28557.0,1713420.0
12191,49025,17,CT,64295.0,1093015.0
5269,50894,37,PC,114144.5,4223346.5
4844,60830,6,nos,79742.5,478455.0
3044,60830,2,BOX,79742.5,159485.0
7308,61346,2,PC,73814.0,147628.0
12426,62093,26,CT,981.125,25509.25
3822,56721,2,ROLL,5455.89,10911.78
2311,58211,3,can,1983.125,5949.38
12544,59790,67,PC,47595.0,3188865.0
8971,60830,50,PC,79742.5,3987125.0
305,25215,2,nos,8155.445,16310.89
1563,63558,2,nos,3108.705,6217.41
5432,60699,107,PC,196225.0,20996075.0
7672,63321,3,BX,1753.5,5260.5
13214,53691,18,PC,39245.0,706410.0
11846,59947,118,PC,39662.5,4680175.0
3018,51248,4,pcs,126794.75,507179.0
6210,60987,6,PC,120949.68557098765,725698.11
539,60830,2,nos,79742.5,159485.0
13342,60899,10,PC,39662.5,396625.0
182,60830,2,nos,79742.5,159485.0
2443,50436,3,roll,354.04,1062.12
2630,58211,5,can,1983.125,9915.62
7198,61065,8,PC,180193.0,1441544.0
750,60830,2,nos,79742.5,159485.0
10636,42103,29,PC,821.2225000000001,23815.45
10307,60933,41,PC,105293.5,4317033.5
4266,63596,31,pcs,61372.5,1902547.5
6866,60409,18,PC,54108.0,973944.0
4809,60830,9,nos,79742.5,717682.5
6339,60046,7,PC,57865.5,405058.5
1079,64318,22,nos,286.405,6300.91
7979,50891,18,PC,137190.5,2469429.0
1214,64311,3,nos,22471.52,67414.56
11159,61289,8,PC,39662.5,317300.0
721,64164,3,nos,8193.02,24579.06
400,60830,3,nos,79742.5,239227.5
9692,51168,32,PC,52855.5,1691376.0
10095,64779,3,CT,926.85,2780.55
6051,61409,5,PC,90597.5,452987.5
5724,63667,1,PC,132347.5,132347.5
5925,60015,52,PC,52521.50000000001,2731118.0
12619,60830,54,PC,79742.5,4306095.0
12336,61379,26,PC,1298842.5,33769905.0
5364,60417,186,PC,69722.5,12968385.0
8672,62108,3,CT,38827.5,116482.5
625,56728,3,nos,11360.175,34080.52
8192,62176,1,CT,80661.0,80661.0
1115,45733,4,nos,19204.165,76816.66
3795,42998,6,case,708.915,4253.49
3541,63657,5,pcs,165037.75,825188.75
9,60830,3,EA,79742.5,239227.5
3121,66369,2,box,4168.32,8336.64
6936,61503,10,PC,177855.0,1778550.0
1483,49135,2,nos,1983.125,3966.25
8019,28234,38,CT,868.4,32999.2
2445,42103,7,pcs,821.2225000000001,5748.56
458,60830,5,nos,79742.5,398712.5
12971,60830,6,PC,79742.5,478455.0
1176,26774,3,nos,2967.59,8902.77
13162,51250,9,PC,213551.25,1921961.25
4354,63319,2,box,5576.965,11153.93
3861,63499,40,pcs,48012.5,1920500.0
8993,65355,6,BD,10020.0,60120.0
11543,61497,8,PC,224539.30373831777,1796314.43
6085,61289,90,PC,39662.5,3569625.0
7591,40328,8,PC,192217.0,1537736.0
2532,65660,11,each,148463.0,1633093.0
9373,46146,7,PC,1495.485,10468.39
6804,60966,14,PC,232631.0,3256834.0
6935,61503,10,PC,177855.0,1778550.0
2797,60830,2,PAIL,79742.5,159485.0
519,52476,3,nos,34286.77,102860.31
5873,60015,185,PC,52521.50000000001,9716477.5
2967,61299,30,pcs,165747.5,4972425.0
5964,60967,27,PC,267116.5,7212145.5
312,60830,2,nos,79742.5,159485.0
7278,49214,41,PC,179775.5,7370795.5
1698,62910,3,nos,305.61,916.83
9054,41840,12,PC,5036.72,60440.64
7220,59967,21,PC,52876.29149999999,1110402.12
2508,63596,2,pcs,61372.5,122745.0
11865,61332,92,PC,68470.0,6299240.0
5271,50894,37,PC,114144.5,4223346.5
12106,60205,3,PC,63042.50000000001,189127.5
10371,61289,15,PC,39662.5,594937.5
7221,59995,10,PC,57319.03425,573190.34
9762,60830,8,PC,79742.5,637940.0
12311,60972,4,PC,172594.5,690378.0
10330,58208,3,PC,170757.5,512272.5
10911,49210,13,PC,115316.97916666667,1499120.73
3955,42998,6,case,708.915,4253.49
2110,58211,3,can,1983.125,5949.38
4025,49320,5,bag,1369.4,6847.0
7753,60830,15,PC,79742.5,1196137.5
6957,60830,3,EA,79742.5,239227.5
9212,21458,42,PC,34903.0,1465926.0
2367,58219,3,box,1189.875,3569.62
3586,55228,15,bag,1327.65,19914.75
3976,64801,2,each,2097.52,4195.04
3298,58211,10,can,1983.125,19831.25
11537,61001,78,PC,140530.5,10961379.0
5063,56907,82,PC,126753.0,10393746.0
3078,60938,2,pcs,137691.5,275383.0
10392,40328,54,PC,192217.0,10379718.0
7622,61289,7,PC,39662.5,277637.5
2345,61206,25,pcs,61122.0,1528050.0
5968,31958,2,BX,22044.0,44088.0
13377,60102,2,BX,2338.0,4676.0
6887,61289,83,PC,39662.5,3291987.5
488,36065,10,nos,326.485,3264.85
4990,61289,119,PC,39662.5,4719837.5
8575,66972,6,CT,87675.0,526050.0
9050,60830,4,PC,79742.5,318970.0
8808,61289,208,PC,39662.5,8249800.0
12036,63328,2,BX,13464.375,26928.75
10363,60517,82,PC,127796.75,10479333.5
11803,62095,3,RL,375.75,1127.25
2320,21181,2,BOX,11820.26,23640.52
7077,61345,18,PC,45507.5,819135.0
12032,60917,60,PC,123162.5,7389750.0
8775,59793,4,PC,1490.475,5961.9
6879,61343,106,PC,59285.0,6284210.0
12781,51168,75,PC,52855.5,3964162.5
4606,58148,3,nos,16272.48,48817.44
8458,66566,8,PC,134518.5,1076148.0
5408,62108,12,CT,38827.5,465930.0
12074,46086,5,CT,67593.25,337966.25
3706,64562,43,PCS,32064.0,1378752.0
249,60830,2,nos,79742.5,159485.0
6974,63351,3,BX,11794.375,35383.12
6119,60939,25,PC,150425.25,3760631.25
2702,63671,2,each,2635.26,5270.52
4247,60830,160,PCS,79742.5,12758800.0
8490,65133,13,PC,297594.0,3868722.0
451,60830,4,nos,79742.5,318970.0
11034,58208,3,PC,170757.5,512272.5
7950,60988,13,PC,125834.61860795456,1635850.04
3729,63561,5,Bag,27555.0,137775.0
2885,63572,35,pcs,47511.5,1662902.5
12158,60830,73,PC,79742.5,5821202.5
4985,61001,14,PC,140530.5,1967427.0
2185,63859,53,pcs,330075.5,17494001.5
6265,61345,29,PC,45507.5,1319717.5
71,60830,16,nos,79742.5,1275880.0
7196,60830,3,PC,79742.5,239227.5
6015,63302,232,PC,48012.5,11138900.0
6474,60617,154,PC,162073.5,24959319.0
1494,64256,198,nos,217.935,43151.13
10376,50879,10,PC,177020.0,1770200.0
7840,60830,228,PC,79742.5,18181290.0
4102,42172,2,roll,313.125,626.25
8754,66488,36,PC,201652.5,7259490.0
11350,44966,8,BX,15447.5,123580.0
5886,61289,37,PC,39662.5,1467512.5
11015,60938,123,PC,137691.5,16936054.5
6000,62095,14,RL,375.75,5260.5
1086,63045,24,nos,538.575,12925.8
10127,66911,27,PC,224364.5,6057841.5
8815,62176,90,CT,80661.0,7259490.0
11325,61144,5,CT,65965.0,329825.0
12020,62100,19,CT,981.125,18641.38
3209,44850,2,pack,1811.115,3622.23
10668,61289,197,PC,39662.5,7813512.5
10680,62145,15,BC,11481.25,172218.75
8369,10325,3,PC,114395.0,343185.0
9465,60830,16,CT,79742.5,1275880.0
812,60830,3,nos,79742.5,239227.5
7812,51167,1,BX,438.375,438.38
3466,61198,26,pcs,65714.5,1708577.0
6088,59959,47,PC,49933.0,2346851.0
4031,61347,13,pcs,93520.0,1215760.0
9177,60517,261,PC,127796.75,33354951.75
9227,60830,4,PC,79742.5,318970.0
11812,60713,14,PC,162157.0,2270198.0
10195,60409,74,PC,54108.0,4003992.0
8094,60015,86,PC,52521.50000000001,4516849.0
11194,49214,8,PC,179775.5,1438204.0
8676,60830,2,PC,79742.5,159485.0
10219,61343,7,PC,59285.0,414995.0
1062,62651,3,nos,11549.72,34649.16
1347,60830,2,nos,79742.5,159485.0
4239,60830,4,EACH,79742.5,318970.0
5986,61051,4,CT,626.25,2505.0
4562,41936,4,EA,35637.8,142551.2
10303,49214,10,PC,179775.5,1797755.0
12142,60042,29,PC,57865.5,1678099.5
4827,62783,3,nos,7251.14,21753.42
3659,61197,17,pcs,61372.5,1043332.5
13321,61506,14,EA,208.75,2922.5
9574,65131,38,PC,36322.5,1380255.0
9009,60830,68,PC,79742.5,5422490.0
9239,60035,17,PC,71768.25,1220060.25
9463,66772,45,CT,224363.323943662,10096349.58
9516,60015,216,PC,52521.50000000001,11344644.0
2158,60830,16,PCS,79742.5,1275880.0
901,50327,4,nos,33399.165,133596.66
6763,50584,10,BX,18114.9075,181149.08
100,60830,14,nos,79742.5,1116395.0
12154,56907,39,PC,126753.0,4943367.0
12901,60015,16,PC,52521.50000000001,840344.0
2228,63996,3,each,605.7925,1817.38
10042,63302,153,PC,48012.5,7345912.5
8834,62274,10,RL,396.625,3966.25
8898,43460,2,BD,8032.7,16065.4
10544,60191,14,PC,226368.5,3169159.0
3167,66114,10,each,18114.9075,181149.08
2953,61299,16,pcs,165747.5,2651960.0
6481,53844,4,PC,162073.5,648294.0
386,60830,2,nos,79742.5,159485.0
411,63132,2,nos,43532.725,87065.45
1484,64023,3,nos,3421.83,10265.49
13178,54405,19,PC,79575.5,1511934.5
11891,50892,12,PC,102204.0,1226448.0
2037,61346,7,pcs,73814.0,516698.0
5264,60532,16,PC,114144.5,1826312.0
13274,60035,196,PC,71768.25,14066577.0
885,34748,3,nos,14361.165,43083.5
5000,48572,27,PC,113977.5,3077392.5
534,60830,3,nos,79742.5,239227.5
2291,60830,3,ctn,79742.5,239227.5
3410,44850,2,pack,1811.115,3622.23
10356,61346,26,PC,73814.0,1919164.0
7638,60830,46,PC,79742.5,3668155.0
2010,63824,89,pcs,77571.5,6903863.5
11701,60830,67,PC,79742.5,5342747.5
1374,60830,46,nos,79742.5,3668155.0
3834,64811,5,pcs,266782.5,1333912.5
10592,60420,5,PC,80911.5,404557.5
12180,60830,20,PC,79742.5,1594850.0
10775,59799,2,CT,219187.5,438375.0
11988,45036,7,PC,617.9,4325.3
219,60830,104,nos,79742.5,8293220.0
5682,61215,127,PC,40497.5,5143182.5
1635,63050,5,nos,820.805,4104.02
9923,53844,12,PC,162073.5,1944882.0
3101,64011,46,pcs,21209.0,975614.0
1011,10554,3,nos,1974.775,5924.33
543,60830,2,nos,79742.5,159485.0
8590,60047,88,PC,61121.99999999999,5378736.0
2803,63509,2,EACH,4900.615,9801.23
11853,60917,20,PC,123162.5,2463250.0
9791,65139,10,PC,254675.0,2546750.0
1660,60830,3,nos,79742.5,239227.5
8609,37858,4,BX,6838.65,27354.6
9738,50891,7,PC,137190.5,960333.5
4815,62789,11,nos,1618.23,17800.53
1458,60830,3,nos,79742.5,239227.5
12907,56907,42,PC,126753.0,5323626.0
3895,60830,2,can,79742.5,159485.0
6914,67005,27,RL,1194.05,32239.35
9644,50919,13,PC,141532.5,1839922.5
6832,51173,93,PC,90722.75,8437215.75
1431,43783,4,nos,1893.78,7575.12
6741,66711,6,BG,1022.875,6137.25
5529,60692,19,PC,214678.86622807017,4078898.46
6844,60830,23,PC,79742.5,1834077.5
8122,60409,14,PC,54108.0,757512.0
5492,41904,6,PC,79120.04925,474720.3
2055,65046,3,can,1983.125,5949.38
4349,65046,4,can,1983.125,7932.5
10920,63359,23,CT,31980.5,735551.5
10543,60830,119,PC,79742.5,9489357.5
10585,60830,45,PC,79742.5,3588412.5
10507,61384,3,PC,57035.13888888889,171105.42
12832,60035,188,PC,71768.25,13492431.0
11559,42172,5,CT,313.125,1565.62
2408,64811,5,pcs,266782.5,1333912.5
2309,65046,3,can,1983.125,5949.38
1311,57517,3,nos,5649.61,16948.83
10432,60776,17,PC,205201.25,3488421.25
8105,59790,8,PC,47595.0,380760.0
2486,61191,28,pcs,52354.5,1465926.0
7075,28234,43,CT,868.4,37341.2
8774,61289,16,PC,39662.5,634600.0
12538,10325,3,PC,114395.0,343185.0
5508,60015,156,PC,52521.50000000001,8193354.0
2335,64562,43,PCS,32064.0,1378752.0
11218,60830,216,PC,79742.5,17224380.0
8052,61289,11,PC,39662.5,436287.5
12902,60409,5,PC,54108.0,270540.0
5876,63302,277,PC,48012.5,13299462.5
11244,61146,173,PC,85252.95065789473,14748760.46
5461,66711,19,BG,1022.875,19434.62
6174,37949,8,BX,9519.0,76152.0
11104,32498,10,BX,1189.875,11898.75
2620,58225,50,PCS,48012.5,2400625.0
1490,63081,10,EA,498.495,4984.95
12750,63302,103,PC,48012.5,4945287.5
10811,61145,123,PC,85253.5,10486180.5
13277,60778,19,PC,243903.5,4634166.5
4014,63864,25,pcs,90681.0,2267025.0
8818,66976,4,CT,124081.0,496324.0
8422,50919,10,PC,141532.5,1415325.0
114,60830,2,nos,79742.5,159485.0
5829,60672,9,PC,366230.411971831,3296073.71
3920,28090,2,box,4711.07,9422.14
8929,62095,2,RL,375.75,751.5
3843,61335,2,box,1312.62,2625.24
5525,60830,25,PC,79742.5,1993562.5
9822,60015,47,PC,52521.50000000001,2468510.5
12057,62108,80,CT,38827.5,3106200.0
928,63131,2,nos,26456.14,52912.28
36,63072,3,nos,6219.4974999999995,18658.49
2304,63492,24,pcs,45925.0,1102200.0
10997,63981,8,CT,68470.0,547760.0
6779,62093,37,CT,981.125,36301.62
4065,21181,2,BOX,11820.26,23640.52
587,64140,3,nos,699.73,2099.19
5338,59840,210,CT,83500.0,17535000.0
7771,62108,36,CT,38827.5,1397790.0
4817,62618,4,nos,1545.585,6182.34
5381,10325,30,PC,114395.0,3431850.0
5665,61478,2,TU,722.275,1444.55
2352,63495,21,pcs,45925.0,964425.0
773,64608,4,nos,53773.165,215092.66
8730,65412,5,PC,119155.24553571429,595776.23
4717,60830,3,nos,79742.5,239227.5
10375,61216,143,PC,39662.5,5671737.5
1040,60830,2,nos,79742.5,159485.0
48,60830,1,nos,79742.5,79742.5
4872,60830,6,nos,79742.5,478455.0
11651,66711,4,BG,1022.875,4091.5
6619,60830,67,PC,79742.5,5342747.5
13003,61289,274,PC,39662.5,10867525.0
10784,61347,13,PC,93520.0,1215760.0
4755,60830,4,nos,79742.5,318970.0
9582,60830,2,PC,79742.5,159485.0
3571,62117,21,pcs,44672.5,938122.5
8873,10072,21,PC,4510.67,94724.07
8281,60830,11,PC,79742.5,877167.5
5129,51167,16,BX,438.375,7014.0
9270,60830,45,PC,79742.5,3588412.5
8395,65113,24,PC,288.075,6913.8
9366,60202,3,PA,75733.10833333334,227199.32
12636,61289,111,PC,39662.5,4402537.5
11142,61145,252,PC,85253.5,21483882.0
2778,60830,2,EACH,79742.5,159485.0
978,60830,3,nos,79742.5,239227.5
4245,60830,17,EACH,79742.5,1355622.5
11993,61289,49,PC,39662.5,1943462.5
7380,63319,3,BX,5576.965,16730.9
4105,63864,41,pcs,90681.0,3717921.0
13196,60830,53,PC,79742.5,4226352.5
9780,66516,10,PC,73480.0,734800.0
6153,49210,9,PC,115316.97916666667,1037852.81
12815,61503,10,PC,177855.0,1778550.0
11969,60900,23,PC,40664.5,935283.5
2817,60830,2,PACK,79742.5,159485.0
1352,60830,8,nos,79742.5,637940.0
1179,64023,4,nos,3421.83,13687.32
7188,50879,4,PC,177020.0,708080.0
9575,60830,12,PC,79742.5,956910.0
12081,60830,2,EA,79742.5,159485.0
7496,60517,133,PC,127796.75,16996967.75
9879,61289,3,PC,39662.5,118987.5
11941,61151,10,CT,70641.0,706410.0
11073,61289,111,PC,39662.5,4402537.5
7253,53844,26,PC,162073.5,4213911.0
12715,63302,95,PC,48012.5,4561187.5
9137,32072,2,BX,9519.0,19038.0
10890,53691,52,PC,39245.0,2040740.0
7151,51168,9,PC,52855.5,475699.5
6928,61508,17,EA,267.2,4542.4
2453,23986,43,each,477.62,20537.66
380,64486,11,nos,2704.565,29750.22
3510,63798,24,PCS,181612.5,4358700.0
11298,49030,31,CT,117985.5,3657550.5
12221,60830,21,PC,79742.5,1674592.5
4786,62839,4,nos,1553.935,6215.74
11108,32043,48,PC,38410.0,1843680.0
5961,56907,49,PC,126753.0,6210897.0
7394,61463,19,EA,18114.9075,344183.24
10582,60536,10,PC,77655.0,776550.0
11521,60917,15,PC,123162.5,1847437.5
3679,32371,2,box,6730.1,13460.2
8656,21170,2,BX,3934.9375,7869.88
9618,60409,18,PC,54108.0,973944.0
10649,60015,1,PC,52521.50000000001,52521.5
9223,60830,59,PC,79742.5,4704807.5
3593,61347,9,pcs,93520.0,841680.0
6791,63302,277,PC,48012.5,13299462.5
8705,50891,4,PC,137190.5,548762.0
9159,49026,1,CT,51519.5,51519.5
3308,60830,16,pcs,79742.5,1275880.0
291,25656,2,nos,1571.47,3142.94
1122,62985,5,nos,5537.72,27688.6
2902,62237,11,PCS,48012.5,528137.5
8201,65355,3,BD,10020.0,30060.0
5787,61289,5,PC,39662.5,198312.5
9031,60830,99,PC,79742.5,7894507.5
7114,60830,14,PC,79742.5,1116395.0
8352,61289,214,PC,39662.5,8487775.0
2239,63629,11,Bag,45925.0,505175.0
13297,59790,5,PC,47595.0,237975.0
1262,60830,2,nos,79742.5,159485.0
6396,32072,2,BX,9519.0,19038.0
7524,50875,100,PC,71643.0,7164300.0
1384,64304,7,nos,44778.545,313449.82
11391,61289,51,PC,39662.5,2022787.5
2413,37862,2,BOX,2338.0,4676.0
7525,60424,93,PC,66633.0,6196869.0
2418,62235,17,pcs,145999.75,2481995.75
4339,61311,44,pcs,77655.0,3416820.0
9471,60830,6,PC,79742.5,478455.0
1003,60830,7,nos,79742.5,558197.5
248,60830,2,nos,79742.5,159485.0
8872,60830,3,PC,79742.5,239227.5
2665,61206,19,pcs,61122.0,1161318.0
9691,59902,11,PC,437916.3923076923,4817080.32
11859,60933,26,PC,105293.5,2737631.0
3117,63319,2,box,5576.965,11153.93
512,64319,13,nos,286.405,3723.26
11683,62095,2,RL,375.75,751.5
10504,45036,11,PC,617.9,6796.9
6823,50879,16,PC,177020.0,2832320.0
10165,49210,7,PC,115316.97916666667,807218.85
1108,33778,10,nos,508.515,5085.15
8841,38015,2,BX,2859.875,5719.75
3847,63997,4,each,541.08,2164.32
13010,48515,33,CT,85503.42013888889,2821612.86
10481,51163,5,PC,118908.04453125,594540.22
10198,60830,7,PC,79742.5,558197.5
12118,59840,210,CT,83500.0,17535000.0
10634,61289,50,PC,39662.5,1983125.0
136,60830,9,nos,79742.5,717682.5
5217,53691,109,PC,39245.0,4277705.0
2406,63728,9,EACH,814.125,7327.12
2472,61346,10,pcs,73814.0,738140.0
7404,60495,1,PC,119405.0,119405.0
2338,64811,3,pcs,266782.5,800347.5
12993,49025,6,CT,64295.0,385770.0
6932,60830,70,PC,79742.5,5581975.0
12453,60966,4,PC,232631.0,930524.0
7682,62100,18,CT,981.125,17660.25
8361,59959,3,PC,49933.0,149799.0
11092,56856,4,PC,91432.5,365730.0
10395,40913,2,PC,3607.2,7214.4
10689,60035,19,PC,71768.25,1363596.75
4672,60830,4,nos,79742.5,318970.0
5490,60950,4,PC,121576.0,486304.0
10498,43459,6,BD,6721.75,40330.5
5340,43460,5,BD,8032.7,40163.5
6836,60830,26,PC,79742.5,2073305.0
9949,61347,14,PC,93520.0,1309280.0
12275,60419,72,PC,87424.5,6294564.0
3423,65882,2,box,1168.165,2336.33
12415,66751,4,PA,1607.375,6429.5
9393,61508,69,EA,267.2,18436.8
1324,60830,2,EA,79742.5,159485.0
13340,60015,6,PC,52521.50000000001,315129.0
2985,42172,20,roll,313.125,6262.5
2219,32371,2,box,6730.1,13460.2
7473,61051,8,RL,626.25,5010.0
9262,60899,20,PC,39662.5,793250.0
5982,37858,3,BX,6838.65,20515.95
903,50595,4,nos,18369.165,73476.66
1966,32074,6,BOX,673.01,4038.06
7754,61379,9,PC,1298842.5,11689582.5
6572,63302,277,PC,48012.5,13299462.5
10491,60420,220,PC,80911.5,17800530.0
11162,46146,19,PC,1495.485,28414.21
748,32483,2,nos,1722.605,3445.21
1881,61206,18,pcs,61122.0,1100196.0
1922,58216,44,PCS,32064.0,1410816.0
979,60830,3,nos,79742.5,239227.5
931,44218,5,nos,18185.465,90927.32
9683,60967,15,PC,267116.5,4006747.5
8741,21145,2,BX,12349.65,24699.3
13095,49026,4,CT,51519.5,206078.0
7956,66544,5,PC,201736.0,1008680.0
4706,60830,4,nos,79742.5,318970.0
10102,60938,80,PC,137691.5,11015320.0
5059,37949,8,BX,9519.0,76152.0
9472,51249,6,PC,207915.0,1247490.0
5844,60015,304,PC,52521.50000000001,15966536.0
7458,60221,6,PC,272210.0,1633260.0
9849,60409,107,PC,54108.0,5789556.0
3718,61186,47,pcs,52521.5,2468510.5
6578,61289,143,PC,39662.5,5671737.5
285,61313,2,nos,2064.12,4128.24
13190,61527,5,CT,35905.0,179525.0
9544,60900,22,PC,40664.5,894619.0
6394,60939,10,PC,150425.25,1504252.5
11178,46086,4,CT,67593.25,270373.0
8758,66544,3,PC,201736.0,605208.0
174,60830,192,nos,79742.5,15310560.0
10827,51173,20,PC,90722.75,1814455.0
4601,60830,5,nos,79742.5,398712.5
6612,66711,8,BG,1022.875,8183.0
3614,63800,4,CTN,866312.5,3465250.0
834,57517,3,nos,5649.61,16948.83
863,64317,21,nos,608.715,12783.02
3016,49694,11,tube,1162.32,12785.52
3290,58198,51,pcs,40080.0,2044080.0
3845,63509,2,EACH,4900.615,9801.23
4368,63806,9,ctn,118570.0,1067130.0
8396,65109,8,PC,302.6875,2421.5
3315,60830,3,EA,79742.5,239227.5
11362,63352,2,BX,11209.875,22419.75
12903,66936,163,PC,100617.5,16400652.5
11275,60015,126,PC,52521.50000000001,6617709.0
11068,60830,29,PC,79742.5,2312532.5
7817,59840,131,CT,83500.0,10938500.0
12810,60830,70,PC,79742.5,5581975.0
11763,62118,2,PC,3159.64,6319.28
1237,35729,5,nos,1372.74,6863.7
6743,66711,6,BG,1022.875,6137.25
1036,60830,4,nos,79742.5,318970.0
2789,60830,2,PACK,79742.5,159485.0
1600,10328,202,nos,909.7325,183765.96
12900,61058,23,PC,148463.0,3414649.0
3039,63826,118,PCS,93561.75,11040286.5
7863,61395,44,PC,121492.5,5345670.0
7274,60938,30,PC,137691.5,4130745.0
7173,10325,6,PC,114395.0,686370.0
4954,60203,53,CT,86923.5,4606945.5
5889,63314,83,CT,868.4,72077.2
7498,50892,46,PC,102204.0,4701384.0
4078,58212,2,bag,1331.825,2663.65
6659,60830,70,PC,79742.5,5581975.0
2056,58211,3,can,1983.125,5949.38
4405,63696,7,PCS,30644.5,214511.5
7673,63321,3,BX,1753.5,5260.5
9786,60830,6,PC,79742.5,478455.0
6179,51250,42,PC,213551.25,8969152.5
1769,28032,3,nos,5529.37,16588.11
10004,60899,31,PC,39662.5,1229537.5
8031,51173,4,PC,90722.75,362891.0
12866,55228,40,BG,1327.65,53106.0
6162,21458,33,PC,34903.0,1151799.0
3560,61309,14,pcs,76152.0,1066128.0
1226,60830,5,nos,79742.5,398712.5
120,60830,2,nos,79742.5,159485.0
3617,35824,2,box,2108.375,4216.75
8573,53691,10,PC,39245.0,392450.0
12705,60942,10,PC,330326.0,3303260.0
8377,60797,3,PC,247327.0,741981.0
3859,61206,10,pcs,61122.0,611220.0
1627,60830,3,nos,79742.5,239227.5
8486,65174,6,PC,143536.5,861219.0
11438,66740,15,PC,114812.5,1722187.5
7954,61001,41,PC,140530.5,5761750.5
8905,49026,13,PC,51519.5,669753.5
13409,61191,11,pcs,52354.5,575899.5
4537,60830,11,PCS  ,79742.5,877167.5
9847,60202,3,PA,75733.10833333334,227199.32
658,45250,3,nos,1210.75,3632.25
5796,60535,10,PC,48263.0,482630.0
8254,66535,3,EA,1732.625,5197.88
8137,62118,141,PC,3159.64,445509.24
7454,60015,28,PC,52521.50000000001,1470602.0
11355,60830,12,PC,79742.5,956910.0
10453,60830,58,PC,79742.5,4625065.0
5372,60830,62,PC,79742.5,4944035.0
7045,42172,3,CT,313.125,939.38
13258,53691,5,PC,39245.0,196225.0
3690,61200,21,pcs,61372.5,1288822.5
11873,60420,45,PC,80911.5,3641017.5
705,64493,3,nos,1581.49,4744.47
3269,61182,42,pcs,43837.5,1841175.0
9188,60203,98,PC,86923.5,8518503.0
12718,59801,20,CT,219187.5,4383750.0
358,45782,178,nos,18114.9075,3224453.54
3352,32371,3,box,6730.1,20190.3
9560,59840,23,CT,83500.0,1920500.0
10871,62097,6,CT,475.95,2855.7
8803,66740,10,CT,114812.5,1148125.0
6728,60046,8,PC,57865.5,462924.0
151,60830,2,nos,79742.5,159485.0
6177,61343,188,PC,59285.0,11145580.0
432,48944,2,nos,593.685,1187.37
1007,35006,6,nos,5640.0075,33840.04
12535,61395,51,PC,121492.5,6196117.5
6506,61395,34,PC,121492.5,4130745.0
4334,63687,15,each,1377.75,20666.25
1666,60830,2,nos,79742.5,159485.0
2059,50436,4,roll,354.04,1416.16
8601,51168,15,PC,52855.5,792832.5
5933,60409,49,PC,54108.0,2651292.0
9428,60899,52,PC,39662.5,2062450.0
10621,60901,25,PC,42668.5,1066712.5
6374,63667,8,PC,132347.5,1058780.0
11980,42172,27,CT,313.125,8454.38
11663,60830,2338,PC,79742.5,186437965.0
1580,60830,2,EA,79742.5,159485.0
5744,62093,41,CT,981.125,40226.12
10022,53691,36,PC,39245.0,1412820.0
13242,59790,23,PC,47595.0,1094685.0
7926,66653,304,PC,134184.5,40792088.0
1084,64544,54,nos,1763.1025,95207.54
4862,60830,3,nos,79742.5,239227.5
8638,61516,45,PC,184535.0,8304075.0
11317,41840,11,PC,5036.72,55403.92
6312,61054,18,PC,116900.0,2104200.0
4961,59806,63,CT,219187.5,13808812.5
1517,25466,5,nos,435.035,2175.18
1663,64328,3,nos,536.905,1610.72
9158,49025,1,CT,64295.0,64295.0
8370,50899,10,PC,107047.0,1070470.0
8485,65163,12,PC,182197.0,2186364.0
11334,48515,12,CT,85503.42013888889,1026041.04
10640,66723,6,BG,1052.1,6312.6
2129,63915,2,box,3412.645,6825.29
11979,62110,53,CT,33233.0,1761349.0
6857,60830,4,PC,79742.5,318970.0
2761,60830,31,PCS,79742.5,2472017.5
8305,59802,74,CT,323145.0,23912730.0
1218,60830,2,nos,79742.5,159485.0
34,60830,3,nos,79742.5,239227.5
796,64249,20,nos,251.335,5026.7
9685,60577,291,PC,152638.0,44417658.0
6307,60830,86,PC,79742.5,6857855.0
469,60830,3,nos,79742.5,239227.5
11234,60202,6,PA,75733.10833333334,454398.65
2146,23936,6,each,4404.625,26427.75
1576,60830,2,nos,79742.5,159485.0
6538,61409,41,PC,90597.5,3714497.5
7984,26930,1,PC,5427.5,5427.5
4270,65661,19,each,111472.5,2117977.5
2994,63811,23,ctn,263025.0,6049575.0
7874,60830,6,PC,79742.5,478455.0
7989,60035,181,PC,71768.25,12990053.25
4468,60830,2,PCS,79742.5,159485.0
3996,65046,7,can,1983.125,13881.88
4171,55228,28,BAG,1327.65,37174.2
9935,60015,15,PC,52521.50000000001,787822.5
7946,61001,21,PC,140530.5,2951140.5
2272,63833,25,pc,62625.0,1565625.0
6917,60753,13,PC,271375.0,3527875.0
12821,60913,14,PC,403305.0,5646270.0
4983,60933,24,PC,105293.5,2527044.0
1745,35449,10,nos,288.075,2880.75
8684,61382,25,PC,83458.25,2086456.25
4353,63657,4,pcs,165037.75,660151.0
11932,60830,19,PC,79742.5,1515107.5
12090,61146,10,CT,85252.95065789473,852529.51
4964,59790,518,PC,47595.0,24654210.0
178,60830,3,nos,79742.5,239227.5
4920,60986,24,PC,125834.5,3020028.0
3456,32072,2,box,9519.0,19038.0
3195,58225,25,PCS,48012.5,1200312.5
6826,51168,42,PC,52855.5,2219931.0
7320,54405,35,PC,79575.5,2785142.5
926,34748,3,nos,14361.165,43083.5
12455,60939,10,PC,150425.25,1504252.5
2389,61197,59,pcs,61372.5,3620977.5
2992,63577,39,pcs,49432.0,1927848.0
9565,60015,16,PC,52521.50000000001,840344.0
10690,53844,6,PC,162073.5,972441.0
42,64198,22,nos,5011.67,110256.74
13029,62108,36,PC,38827.5,1397790.0
7056,60830,12,PC,79742.5,956910.0
10199,61346,23,PC,73814.0,1697722.0
9905,37859,3,BX,3281.55,9844.65
7967,53844,80,PC,162073.5,12965880.0
4831,60830,3,nos,79742.5,239227.5
51,60830,2,nos,79742.5,159485.0
10698,53691,5,PC,39245.0,196225.0
10845,60830,8,PC,79742.5,637940.0
3306,61312,34,pcs,77655.0,2640270.0
4227,60830,2,box,79742.5,159485.0
4106,63830,18,CTN,62374.5,1122741.0
9241,59992,19,PC,47261.0,897959.0
2202,55228,3,bag,1327.65,3982.95
7518,61323,5,PC,55360.5,276802.5
8406,60517,20,PC,127796.75,2555935.0
5861,41840,5,PC,5036.72,25183.6
11451,48515,4,CT,85503.42013888889,342013.68
3276,58198,51,pcs,40080.0,2044080.0
8494,43460,2,BD,8032.7,16065.4
8298,61144,56,PC,65965.0,3694040.0
8140,60967,2,PC,267116.5,534233.0
8882,66932,162,CT,32147.5,5207895.0
1689,60830,2,nos,79742.5,159485.0
13376,66780,2,BX,876.75,1753.5
13358,48572,16,PC,113977.5,1823640.0
11557,61289,51,PC,39662.5,2022787.5
11403,60830,2,nos,79742.5,159485.0
7022,60195,13,PC,208332.5,2708322.5
5583,60830,301,PC,79742.5,24002492.5
11238,61289,51,PC,39662.5,2022787.5
12377,66434,3,BG,864.225,2592.68
1684,60830,3,nos,79742.5,239227.5
4639,60830,5,nos,79742.5,398712.5
9666,61506,28,EA,208.75,5845.0
10422,64779,5,PA,926.85,4634.25
9103,66744,2,BD,13134.55,26269.1
4206,64562,69,PCS,32064.0,2212416.0
3066,61186,33,pcs,52521.5,1733209.5
1023,64312,2,nos,26682.425,53364.85
3080,60938,2,pcs,137691.5,275383.0
10849,59801,1,CT,219187.5,219187.5
397,60830,2,nos,79742.5,159485.0
168,40127,14,nos,1101.365,15419.11
5495,63314,5,CT,868.4,4342.0
9639,60830,316,PC,79742.5,25198630.0
12102,60569,6,PC,107130.5,642783.0
7515,23936,3,PK,4404.625,13213.88
9244,59866,41,CT,57531.5,2358791.5
8751,61058,10,PC,148463.0,1484630.0
7078,61345,18,PC,45507.5,819135.0
1329,60830,3,nos,79742.5,239227.5
3838,61200,12,pcs,61372.5,736470.0
11276,40328,4,PC,192217.0,768868.0
2123,60522,15,pcs,144705.5,2170582.5
3252,61309,74,pcs,76152.0,5635248.0
1800,46278,2,EA,3052.76,6105.52
12409,43463,2,BD,4944.87,9889.74
7368,10325,13,PC,114395.0,1487135.0
10484,66539,75,PC,196392.0,14729400.0
435,60830,3,nos,79742.5,239227.5
1227,60830,2,nos,79742.5,159485.0
3725,60917,10,pcs,123162.5,1231625.0
9021,59836,6,CT,94939.5,569637.0
6311,61054,18,PC,116900.0,2104200.0
1476,64321,33,nos,291.415,9616.7
9356,59796,63,CT,323145.0,20358135.0
2449,60830,2,can,79742.5,159485.0
2693,63544,2,each,10771.5,21543.0
6283,60409,3,PC,54108.0,162324.0
2914,64551,6,PCS,32064.0,192384.0
4994,59992,38,PC,47261.0,1795918.0
6693,63356,10,PC,288.075,2880.75
7284,60775,26,PC,147419.25,3832900.5
12879,60830,48,PC,79742.5,3827640.0
10691,41912,5,PC,149131.0,745655.0
1454,60830,2,EA,79742.5,159485.0
7043,42172,3,CT,313.125,939.38
252,64119,2,nos,7651.94,15303.88
10506,53850,94,PC,55193.5,5188189.0
12908,51249,5,PC,207915.0,1039575.0
10877,50891,9,PC,137190.5,1234714.5
8694,60830,4,PC,79742.5,318970.0
8964,51168,11,PC,52855.5,581410.5
9857,60830,170,PC,79742.5,13556225.0
12932,60899,80,PC,39662.5,3173000.0
13042,28234,233,CT,868.4,202337.2
9846,61146,11,PC,85252.95065789473,937782.46
9810,60577,103,PC,152638.0,15721714.0
7686,26930,25,PC,5427.5,135687.5
11819,59950,9,PC,60871.5,547843.5
11699,60830,2,EA,79742.5,159485.0
150,60830,2,nos,79742.5,159485.0
5045,61343,174,PC,59285.0,10315590.0
12604,61289,94,PC,39662.5,3728275.0
12917,60830,19,PC,79742.5,1515107.5
8380,66497,5,PC,203155.5,1015777.5
6180,51175,18,PC,319038.0525,5742684.94
12314,32043,8,PC,38410.0,307280.0
9427,53691,18,PC,39245.0,706410.0
3081,60938,2,pcs,137691.5,275383.0
11716,60967,18,PC,267116.5,4808097.0
1359,63054,2,nos,9939.84,19879.68
201,60830,3,nos,79742.5,239227.5
7904,66592,15,EA,18114.9075,271723.61
3911,61206,10,pcs,61122.0,611220.0
2615,60102,2,BOX,2338.0,4676.0
764,51882,2,nos,6356.02,12712.04
11725,50891,2,PC,137190.5,274381.0
8372,55228,69,BG,1327.65,91607.85
13142,53844,19,PC,162073.5,3079396.5
11240,61146,9,CT,85252.95065789473,767276.56
3147,64857,2,ROLL,1298.425,2596.85
11461,60899,154,PC,39662.5,6108025.0
10365,41840,28,PC,5036.72,141028.16
994,63051,3,nos,6659.125,19977.38
6924,61424,9,PC,608297.5,5474677.5
1685,60830,5,nos,79742.5,398712.5
9713,40328,47,PC,192217.0,9034199.0
6291,62093,41,CT,981.125,40226.12
7842,61289,32,PC,39662.5,1269200.0
10464,61323,24,PC,55360.5,1328652.0
7111,40330,14,PC,130510.5,1827147.0
13069,60517,38,PC,127796.75,4856276.5
13420,64814,2,pcs,252337.0,504674.0
5325,43460,5,BD,8032.7,40163.5
6293,62097,6,CT,475.95,2855.7
84,60830,40,nos,79742.5,3189700.0
11404,61289,13,PC,39662.5,515612.5
1656,60830,2,nos,79742.5,159485.0
4075,63657,2,pcs,165037.75,330075.5
8831,49026,15,CT,51519.5,772792.5
1327,45733,2,nos,19204.165,38408.33
6570,59992,190,PC,47261.0,8979590.0
9752,60830,5,PC,79742.5,398712.5
2391,61197,59,pcs,61372.5,3620977.5
9835,61289,13,PC,39662.5,515612.5
8544,61058,4,PC,148463.0,593852.0
9605,61289,28,PC,39662.5,1110550.0
4642,60830,6,nos,79742.5,478455.0
430,60830,2,nos,79742.5,159485.0
5108,56907,82,PC,126753.0,10393746.0
9415,60409,6,PC,54108.0,324648.0
9446,32498,10,BX,1189.875,11898.75
5707,60830,74,PC,79742.5,5900945.0
11207,60830,8,PC,79742.5,637940.0
8021,61289,54,PC,39662.5,2141775.0
3699,63489,2,hank,10437.5,20875.0
2747,62922,2,each,19740.235,39480.47
3132,58216,8,PCS,32064.0,256512.0
10860,60203,13,PC,86923.5,1130005.5
7293,51246,1,PC,194555.0,194555.0
7059,66936,84,PC,100617.5,8451870.0
1845,60617,15,pcs,162073.5,2431102.5
8381,60555,3,PC,159401.5,478204.5
3483,64805,2,roll,9339.475,18678.95
7521,60945,22,PC,145290.0,3196380.0
3071,61197,10,pcs,61372.5,613725.0
294,64203,172,nos,18114.9075,3115764.09
7751,37949,2,BX,9519.0,19038.0
1787,60830,4,nos,79742.5,318970.0
5419,60967,19,PC,267116.5,5075213.5
103,63051,6,nos,6659.125,39954.75
7837,32498,4,BX,1189.875,4759.5
10241,60830,606,PC,79742.5,48323955.0
8223,43462,3,BD,6027.865,18083.6
7758,60899,80,PC,39662.5,3173000.0
8171,60577,31,PC,152638.0,4731778.0
5373,40328,26,PC,192217.0,4997642.0
1158,64204,2,nos,14727.73,29455.46
10076,40328,4,PC,192217.0,768868.0
1513,62651,5,nos,11549.72,57748.6
654,28032,3,nos,5529.37,16588.11
7671,63351,3,BX,11794.375,35383.12
7342,60830,16,PC,79742.5,1275880.0
6278,60015,47,PC,52521.50000000001,2468510.5
12624,60830,10,PC,79742.5,797425.0
3777,61206,19,pcs,61122.0,1161318.0
8742,59840,4,CT,83500.0,334000.0
6139,61215,127,PC,40497.5,5143182.5
11732,51249,28,PC,207915.0,5821620.0
12822,61289,51,PC,39662.5,2022787.5
6959,59866,12,CT,57531.5,690378.0
5728,59992,315,PC,47261.0,14887215.0
6408,56907,31,PC,126753.0,3929343.0
5080,60195,18,PC,208332.5,3749985.0
8092,60797,3,PC,247327.0,741981.0
2082,63830,9,CTN,62374.5,561370.5
6946,59995,27,PC,57319.03425,1547613.92
2233,61206,10,pcs,61122.0,611220.0
7587,60830,20,PC,79742.5,1594850.0
8147,60967,13,PC,267116.5,3472514.5
13266,46798,3,BX,6554.75,19664.25
7199,60830,3,PC,79742.5,239227.5
12680,61347,17,PC,93520.0,1589840.0
104,60830,2,nos,79742.5,159485.0
8949,67084,2,BX,4558.6825,9117.36
12427,62100,19,CT,981.125,18641.38
6416,61051,8,RL,626.25,5010.0
11139,60971,8,PC,437707.0,3501656.0
3342,61206,3,pcs,61122.0,183366.0
9773,67002,44,BX,2338.0,102872.0
3012,63851,5,PCS,27137.5,135687.5
648,62985,3,nos,5537.72,16613.16
12096,53691,10,PC,39245.0,392450.0
1723,26774,19,nos,2967.59,56384.21
7975,10325,18,PC,114395.0,2059110.0
6102,32115,2,BX,1440.375,2880.75
11951,60409,48,PC,54108.0,2597184.0
4992,46146,20,PC,1495.485,29909.7
5119,60830,5,CT,79742.5,398712.5
11330,32498,6,BX,1189.875,7139.25
6132,58208,9,PC,170757.5,1536817.5
6347,60939,134,PC,150425.25,20156983.5
7345,60972,8,PC,172594.5,1380756.0
544,60830,3,nos,79742.5,239227.5
3070,61197,10,pcs,61372.5,613725.0
12299,60830,14,CT,79742.5,1116395.0
6188,60830,67,PC,79742.5,5342747.5
12446,60485,13,PC,119405.0,1552265.0
4099,63917,2,each,2828.98,5657.96
10437,42103,53,PC,821.2225000000001,43524.79
4528,62764,10,PCS,868.4,8684.0
5897,46146,34,PC,1495.485,50846.49
742,62651,3,nos,11549.72,34649.16
12549,55228,28,BG,1327.65,37174.2
11550,60933,54,PC,105293.5,5685849.0
8189,62176,1,CT,80661.0,80661.0
9608,49026,5,PC,51519.5,257597.5
6373,60830,3,PC,79742.5,239227.5
3647,61384,11,pcs,57035.13888888889,627386.53
10414,60577,26,PC,152638.0,3968588.0
8969,60830,49,PC,79742.5,3907382.5
4442,60830,3,PCS,79742.5,239227.5
9288,60472,10,PC,107923.75,1079237.5
3670,61186,18,pcs,52521.5,945387.0
4202,32498,15,BXS,1189.875,17848.12
13347,63356,12,PC,288.075,3456.9
3652,59866,15,PCS,57531.5,862972.5
2681,50436,2,roll,354.04,708.08
8268,53753,4,PC,161990.0,647960.0
8874,42286,42,PC,2413.15,101352.3
1792,64092,2,EA,1787.3175,3574.64
8539,60541,5,PC,120073.0,600365.0
3964,65660,11,each,148463.0,1633093.0
840,35224,9,nos,108132.5,973192.5
7074,63302,277,PC,48012.5,13299462.5
11321,60830,4,BX,79742.5,318970.0
9035,62514,60,CT,53857.5,3231450.0
3373,60933,15,pcs,105293.5,1579402.5
11174,62100,10,CT,981.125,9811.25
4084,61206,19,pcs,61122.0,1161318.0
8827,49026,8,CT,51519.5,412156.0
4399,60102,2,BOX,2338.0,4676.0
7365,51168,15,PC,52855.5,792832.5
745,63038,6,nos,8051.07,48306.42
12639,49025,5,PC,64295.0,321475.0
3854,58216,18,PCS,32064.0,577152.0
6215,60015,477,PC,52521.50000000001,25052755.5
4951,60944,123,PC,208082.0,25594086.0
6146,33660,2,CT,354.875,709.75
3839,61343,3,pcs,59285.0,177855.0
9872,60015,88,PC,52521.50000000001,4621892.0
5387,61215,150,PC,40497.5,6074625.0
13352,60205,109,CT,63042.50000000001,6871632.5
2013,58216,25,PCS,32064.0,801600.0
6931,60830,70,PC,79742.5,5581975.0
4697,60830,68,nos,79742.5,5422490.0
2040,61272,4,pcs,259685.0,1038740.0
6770,60772,5,PC,432112.5,2160562.5
11758,61207,2,PC,7097.5,14195.0
1612,25466,10,nos,435.035,4350.35
9016,43459,5,BD,6721.75,33608.75
8164,60951,5,PC,228790.0,1143950.0
8048,60205,65,CT,63042.50000000001,4097762.5
5853,60899,15,PC,39662.5,594937.5
4150,58198,208,pcs,40080.0,8336640.0
11878,40328,9,PC,192217.0,1729953.0
2190,63860,97,pc,330075.5,32017323.5
896,34748,3,nos,14361.165,43083.5
13155,62535,13,EA,3131.25,40706.25
829,63137,12,nos,403.305,4839.66
6084,60409,62,PC,54108.0,3354696.0
2975,61312,257,pcs,77655.0,19957335.0
11961,61343,42,PC,59285.0,2489970.0
12434,62095,6,RL,375.75,2254.5
1198,64529,4,nos,33362.425,133449.7
9296,66464,32,PC,74231.95879120879,2375422.68
2555,61191,18,pcs,52354.5,942381.0
536,60830,2,nos,79742.5,159485.0
3324,63786,33,PCS,432.53,14273.49
7439,43459,3,BD,6721.75,20165.25
2268,28206,2,each,2976.775,5953.55
5708,50921,5,PC,169339.7395833333,846698.7
12966,60830,81,PC,79742.5,6459142.5
2020,63996,5,each,605.7925,3028.96
1770,28032,3,nos,5529.37,16588.11
8296,60203,51,PC,86923.5,4433098.5
11061,21143,5,BX,2630.25,13151.25
7540,60420,131,PC,80911.5,10599406.5
4914,60830,4,nos,79742.5,318970.0
1706,33742,3,nos,1022.875,3068.62
10317,60015,43,PC,52521.50000000001,2258424.5
1044,60830,2,nos,79742.5,159485.0
11568,61289,172,PC,39662.5,6821950.0
8941,60830,10,PC,79742.5,797425.0
374,60830,2,nos,79742.5,159485.0
4882,60830,3,nos,79742.5,239227.5
4455,60830,2,PCS,79742.5,159485.0
12259,60830,1,PC,79742.5,79742.5
11987,60409,27,PC,54108.0,1460916.0
6518,25103,2,BX,11088.8,22177.6
5467,59992,178,PC,47261.0,8412458.0
6640,61013,7,PC,223195.5,1562368.5
3521,58225,16,PCS,48012.5,768200.0
12393,65105,22,PC,302.6875,6659.12
5247,61199,3,BD,4433.85,13301.55
8251,60951,10,PC,228790.0,2287900.0
3890,63492,18,pcs,45925.0,826650.0
12278,60492,22,PC,126878.25,2791321.5
12799,60196,10,PC,213760.0,2137600.0
2022,58225,52,PCS,48012.5,2496650.0
12284,32498,4,BX,1189.875,4759.5
1622,62985,2,nos,5537.72,11075.44
9321,60015,6,PC,52521.50000000001,315129.0
7192,40328,5,PC,192217.0,961085.0
2401,63923,3,EACH,4913.14,14739.42
3704,61197,37,pcs,61372.5,2270782.5
1587,22707,2,nos,6612.365,13224.73
2460,58216,18,PCS,32064.0,577152.0
13259,59790,27,PC,47595.0,1285065.0
12031,59992,76,PC,47261.0,3591836.0
2806,60830,3,each,79742.5,239227.5
13312,61289,48,PC,39662.5,1903800.0
6183,60966,84,PC,232631.0,19541004.0
6729,60015,47,PC,52521.50000000001,2468510.5
11592,37949,7,BX,9519.0,66633.0
3616,35824,2,box,2108.375,4216.75
9441,61146,8,CT,85252.95065789473,682023.61
10026,63588,18,PC,86297.25,1553350.5
12050,60830,140,PC,79742.5,11163950.0
9469,59831,38,CT,192050.0,7297900.0
4768,60830,3,nos,79742.5,239227.5
7773,26930,2,PC,5427.5,10855.0
4955,61146,412,PC,85252.95065789473,35124215.67
8085,65925,49,PC,242150.0,11865350.0
4093,61186,8,pcs,52521.5,420172.0
8938,60830,236,PC,79742.5,18819230.0
10792,63319,2,BX,5576.965,11153.93
13169,60472,119,PC,107923.75,12842926.25
10374,46833,6,TB,396.625,2379.75
677,64207,2,nos,1176.515,2353.03
7670,63351,3,BX,11794.375,35383.12
10931,51249,28,PC,207915.0,5821620.0
922,34748,3,nos,14361.165,43083.5
6561,10325,34,PC,114395.0,3889430.0
1183,64110,2,nos,6153.95,12307.9
4437,60830,3,PCS,79742.5,239227.5
4680,60830,9,nos,79742.5,717682.5
222,35006,5,nos,5640.0075,28200.04
6067,60015,34,PC,52521.50000000001,1785731.0
11661,57870,197,CT,57782.023428731765,11383058.62
10801,49026,62,PC,51519.5,3194209.0
8438,49025,5,PC,64295.0,321475.0
2743,60830,6,CTN,79742.5,478455.0
8511,26930,10,PC,5427.5,54275.0
3990,48811,2,Bag,35070.0,70140.0
12978,60617,232,PC,162073.5,37601052.0
334,60830,3,nos,79742.5,239227.5
7277,49214,41,PC,179775.5,7370795.5
1984,62051,2,each,2232.79,4465.58
3669,61186,18,pcs,52521.5,945387.0
1356,60830,5,nos,79742.5,398712.5
7019,59964,110,PC,52876.2915,5816392.06
2910,61191,10,pcs,52354.5,523545.0
4412,63813,2,each,81828.33,163656.66
9933,60536,8,PC,77655.0,621240.0
11302,66786,15,RL,1937.1999999999998,29058.0
10310,60958,29,PC,127922.0,3709738.0
11484,61181,29,CT,255510.0,7409790.0
1979,63525,4,pack,1987.3,7949.2
2184,63858,53,pc,330075.5,17494001.5
4330,58211,5,can,1983.125,9915.62
2827,43457,2,bndl,6312.6,12625.2
5050,61144,3,CT,65965.0,197895.0
6099,66711,6,BG,1022.875,6137.25
3653,36443,8,PKG,474.28,3794.24
7225,55228,39,BG,1327.65,51778.35
725,63088,11,nos,18114.9075,199263.98
13171,65127,4,PC,238726.5,954906.0
11565,60830,5,PC,79742.5,398712.5
3873,61206,8,pcs,61122.0,488976.0
6473,40328,234,PC,192217.0,44978778.0
1419,42127,13,nos,871.74,11332.62
8414,60830,3,TU,79742.5,239227.5
8249,60830,33,PC,79742.5,2631502.5
1946,61311,23,pcs,77655.0,1786065.0
448,45733,4,nos,19204.165,76816.66
6021,60900,12,PC,40664.5,487974.0
5577,60052,4,BX,2505.0,10020.0
9143,60409,10,PC,54108.0,541080.0
7329,60424,93,PC,66633.0,6196869.0
3820,56721,2,ROLL,5455.89,10911.78
11430,66799,3,CN,2158.4750000000004,6475.43
7229,60637,94,PC,180777.5,16993085.0
2754,51854,2,BOX,1518.03,3036.06
5768,50016,47,PA,1837.0,86339.0
8068,59971,20,PC,75985.0,1519700.0
684,36065,3,nos,326.485,979.46
3232,64779,23,can,926.85,21317.55
10216,53844,28,PC,162073.5,4538058.0
876,64044,3,nos,2007.3400000000001,6022.02
2936,61197,19,pcs,61372.5,1166077.5
10971,61152,23,CT,116482.5,2679097.5
11727,60830,2,BX,79742.5,159485.0
3446,32074,10,BOX,673.01,6730.1
1990,50436,84,roll,354.04,29739.36
8009,60830,112,PC,79742.5,8931160.0
2535,21896,3,pack,2500.825,7502.48
9781,60759,17,PC,108132.5,1838252.5
9498,60203,4,CT,86923.5,347694.0
1796,60830,2,PKG,79742.5,159485.0
6821,61215,91,PC,40497.5,3685272.5
4097,58211,2,can,1983.125,3966.25
5484,61497,80,PC,224539.30373831777,17963144.3
1958,61191,8,pcs,52354.5,418836.0
6460,51250,38,PC,213551.25,8114947.5
10141,60953,12,PC,268870.0,3226440.0
1741,35449,10,nos,288.075,2880.75
2035,63983,10,box,1669.165,16691.65
7203,60947,5,PC,263776.5,1318882.5
5169,60970,15,PC,302437.0,4536555.0
5400,59691,13,PC,80702.75,1049135.75
4661,60830,5,nos,79742.5,398712.5
6424,59992,147,PC,47261.0,6947367.0
1238,64087,9,nos,18114.9075,163034.17
6962,60899,154,PC,39662.5,6108025.0
4074,63657,2,pcs,165037.75,330075.5
102,28148,8,nos,3420.16,27361.28
11577,60409,303,PC,54108.0,16394724.0
2488,61343,13,pcs,59285.0,770705.0
6331,60996,22,PC,133349.5,2933689.0
8665,60830,6,PC,79742.5,478455.0
980,64601,2,nos,14704.35,29408.7
9705,60830,3,PC,79742.5,239227.5
10019,61343,30,PC,59285.0,1778550.0
3091,63657,7,pcs,165037.75,1155264.25
4731,60830,5,nos,79742.5,398712.5
11887,60569,27,PC,107130.5,2892523.5
11736,61051,5,CT,626.25,3131.25
1154,64113,2,nos,4558.265,9116.53
12381,60920,6,PC,199598.8175,1197592.9
2265,36443,8,PKG,474.28,3794.24
3394,62052,2,pack,2685.36,5370.72
1936,63798,33,PCS,181612.5,5993212.5
1784,37954,3,BAG,1416.16,4248.48
8765,60830,42,PC,79742.5,3349185.0
3572,64011,46,pcs,21209.0,975614.0
6505,60967,8,PC,267116.5,2136932.0
9253,60035,76,PC,71768.25,5454387.0
3489,40627,2,box,13882.71,27765.42
8594,53850,14,PC,55193.5,772709.0
12795,43462,2,BD,6027.865,12055.73
10669,60830,32,PC,79742.5,2551760.0
3356,45560,2,each,6443.695,12887.39
7200,60830,5,PC,79742.5,398712.5
3379,64902,3,each,1002.0,3006.0
12515,49025,3,PC,64295.0,192885.0
9483,66632,4,CT,981.125,3924.5
20,60830,2,nos,79742.5,159485.0
8199,61289,86,PC,39662.5,3410975.0
10787,61397,11,PC,60579.25,666371.75
1434,60830,165,nos,79742.5,13157512.5
3462,61279,10,pcs,18114.9075,181149.08
4984,60933,27,PC,105293.5,2842924.5
8243,35824,3,BX,2108.375,6325.12
322,64211,2,nos,9186.67,18373.34
5285,60015,60,PC,52521.50000000001,3151290.0
3543,63657,5,pcs,165037.75,825188.75
4129,63657,31,pcs,165037.75,5116170.25
4895,60830,6,nos,79742.5,478455.0
12383,63358,71,CT,52187.5,3705312.5
8884,59866,40,CT,57531.5,2301260.0
9369,61289,16,PC,39662.5,634600.0
5077,42103,12,PC,821.2225000000001,9854.67
10400,43459,4,BD,6721.75,26887.0
8867,51168,4,PC,52855.5,211422.0
264,60830,2,nos,79742.5,159485.0
3574,60830,16,PCS,79742.5,1275880.0
7318,60921,22,PC,229875.5,5057261.0
3448,63983,10,box,1669.165,16691.65
1369,40380,3,nos,37119.09,111357.27
2255,23986,23,each,477.62,10985.26
2484,60938,8,pcs,137691.5,1101532.0
7175,40328,9,PC,192217.0,1729953.0
474,25234,20,nos,569.47,11389.4
9495,32072,2,BX,9519.0,19038.0
9503,61289,4,PC,39662.5,158650.0
7554,60638,33,PC,108717.0,3587661.0
6609,62100,4,CT,981.125,3924.5
5839,67080,48,PC,1486.84275,71368.45
8664,23772,2,PC,4062.275,8124.55
11090,63359,2,CT,31980.5,63961.0
11111,59806,10,CT,219187.5,2191875.0
9222,60830,196,PC,79742.5,15629530.0
8480,60202,6,PA,75733.10833333334,454398.65
7933,40328,14,PC,192217.0,2691038.0
10815,60830,21,PC,79742.5,1674592.5
12920,60052,4,BX,2505.0,10020.0
8622,65105,10,PC,302.6875,3026.88
10428,60830,2,EA,79742.5,159485.0
3014,58198,41,pcs,40080.0,1643280.0
3380,63527,2,pack,1157.31,2314.62
2958,61309,16,pcs,76152.0,1218432.0
7208,50879,16,PC,177020.0,2832320.0
3874,60938,8,pcs,137691.5,1101532.0
10052,53691,28,PC,39245.0,1098860.0
6585,61181,15,CT,255510.0,3832650.0
7727,32498,4,BX,1189.875,4759.5
7402,61199,5,BD,4433.85,22169.25
12620,60420,139,PC,80911.5,11246698.5
9518,60830,2,BX,79742.5,159485.0
9967,49026,199,CT,51519.5,10252380.5
851,62651,4,nos,11549.72,46198.88
3475,48811,4,Bag,35070.0,140280.0
11974,63356,7,PC,288.075,2016.52
11907,67068,9,PC,5281.375,47532.38
9576,53751,5,PC,112307.5,561537.5
10082,51249,3,PC,207915.0,623745.0
10731,50879,14,PC,177020.0,2478280.0
5684,61215,127,PC,40497.5,5143182.5
11533,49215,16,PC,79325.0,1269200.0
6287,19891,6,BD,2678.68,16072.08
6683,61422,29,PC,440212.0,12766148.0
7132,61065,8,PC,180193.0,1441544.0
6026,60015,221,PC,52521.50000000001,11607251.5
6335,61289,167,PC,39662.5,6623637.5
968,60830,4,nos,79742.5,318970.0
2168,63824,30,pcs,77571.5,2327145.0
6422,60015,45,PC,52521.50000000001,2363467.5
2128,63918,3,box,4364.545,13093.64
12698,26929,1,PC,8183.0,8183.0
96,60830,3,nos,79742.5,239227.5
1492,64059,28,nos,460.085,12882.38
3818,61206,12,pcs,61122.0,733464.0
7714,60830,5,CT,79742.5,398712.5
7600,53844,26,PC,162073.5,4213911.0
4963,59947,118,PC,39662.5,4680175.0
60,60830,4,nos,79742.5,318970.0
8936,60830,3,PC,79742.5,239227.5
4076,63657,2,pcs,165037.75,330075.5
11990,61343,21,PC,59285.0,1244985.0
10509,60830,149,PC,79742.5,11881632.5
9569,60830,96,PC,79742.5,7655280.0
12192,60830,45,PC,79742.5,3588412.5
8523,50919,5,PC,141532.5,707662.5
9968,43460,7,BD,8032.7,56228.9
11328,43457,5,BD,6312.6,31563.0
462,45733,4,nos,19204.165,76816.66
3882,60830,21,pcs,79742.5,1674592.5
5513,66750,4,CT,964.425,3857.7
6559,44966,2,BX,15447.5,30895.0
3932,63544,2,each,10771.5,21543.0
2981,58209,86,pcs,48012.5,4129075.0
10631,60917,14,PC,123162.5,1724275.0
5067,51168,61,PC,52855.5,3224185.5
13152,59971,4,PC,75985.0,303940.0
9246,61216,55,PC,39662.5,2181437.5
9842,63357,2,CT,39078.0,78156.0
10580,49214,35,PC,179775.5,6292142.5
2003,61310,387,pcs,76152.0,29470824.0
3028,60102,2,BOX,2338.0,4676.0
11536,60933,22,PC,105293.5,2316457.0
328,21680,2,nos,1983.125,3966.25
5845,60409,13,PC,54108.0,703404.0
1054,50538,2,nos,4080.645,8161.29
10650,60901,2,PC,42668.5,85337.0
8317,59801,5,CT,219187.5,1095937.5
4683,62793,4,nos,1291.745,5166.98
8956,60541,4,PC,120073.0,480292.0
11416,62176,82,CT,80661.0,6614202.0
331,64175,19,nos,275.55,5235.45
9020,61154,4,CT,71267.25,285069.0
7434,40328,17,PC,192217.0,3267689.0
9963,59830,19,CT,135270.0,2570130.0
614,26774,19,nos,2967.59,56384.21
1283,63036,5,nos,3002.66,15013.3
9255,60536,45,PC,77655.0,3494475.0
4723,60830,3,nos,79742.5,239227.5
15,35483,2,EA,12938.325,25876.65
6919,51168,23,PC,52855.5,1215676.5
4111,61312,34,pcs,77655.0,2640270.0
12596,61289,207,PC,39662.5,8210137.5
6267,60939,10,PC,150425.25,1504252.5
9116,26930,27,PC,5427.5,146542.5
9302,60901,78,PC,42668.5,3328143.0
4113,63831,29,PCS,58450.0,1695050.0
612,26774,19,nos,2967.59,56384.21
4415,65046,4,can,1983.125,7932.5
2772,60830,2,PACK,79742.5,159485.0
10081,40328,3,PC,192217.0,576651.0
6976,63352,2,BX,11209.875,22419.75
5035,60756,6,PC,699688.4432870371,4198130.66
5121,57491,11,PC,131909.5425,1451004.97
6065,60015,34,PC,52521.50000000001,1785731.0
1965,64779,10,can,926.85,9268.5
12556,63319,2,BX,5576.965,11153.93
5779,53691,87,PC,39245.0,3414315.0
4864,60830,6,nos,79742.5,478455.0
8218,60203,6,CT,86923.5,521541.0
4300,60933,33,pcs,105293.5,3474685.5
2616,34318,2,each,6886.245,13772.49
2770,60830,2,BOX,79742.5,159485.0
8527,60830,24,PC,79742.5,1913820.0
3600,63858,53,pc,330075.5,17494001.5
2474,28090,2,box,4711.07,9422.14
6811,43462,5,BD,6027.865,30139.32
971,60830,2,nos,79742.5,159485.0
9100,66744,1,BD,13134.55,13134.55
6533,63328,2,BX,13464.375,26928.75
13379,60102,2,BX,2338.0,4676.0
4011,63809,4,ctn,184034.0,736136.0
4726,60830,5,nos,79742.5,398712.5
6385,60982,6,PC,153473.0,920838.0
5757,59691,9,PC,80702.75,726324.75
6699,65109,23,PC,302.6875,6961.81
12539,60830,19,PC,79742.5,1515107.5
3083,61191,18,pcs,52354.5,942381.0
13361,43457,2,BD,6312.6,12625.2
11155,61181,63,CT,255510.0,16097130.0
2145,66114,10,each,18114.9075,181149.08
6746,60419,15,PC,87424.5,1311367.5
10935,60797,26,PC,247327.0,6430502.0
1808,61312,139,pcs,77655.0,10794045.0
9604,51169,17,PC,18114.9075,307953.43
8125,67085,15,EA,4342.0,65130.0
10613,60203,17,PC,86923.5,1477699.5
6651,61508,58,EA,267.2,15497.6
8417,60759,5,PC,108132.5,540662.5
3488,40627,2,box,13882.71,27765.42
11613,49215,94,PC,79325.0,7456550.0
1167,35006,10,nos,5640.0075,56400.08
6576,61384,130,PC,57035.13888888889,7414568.06
8674,60830,13,PC,79742.5,1036652.5
12107,60015,16,PC,52521.50000000001,840344.0
10914,61289,349,PC,39662.5,13842212.5
11847,59790,518,PC,47595.0,24654210.0
3615,35824,2,box,2108.375,4216.75
12591,61289,252,PC,39662.5,9994950.0
6915,60657,13,PC,220273.0,2863549.0
9101,48515,4,CT,85503.42013888889,342013.68
6455,61289,47,PC,39662.5,1864137.5
4059,64924,4,each,2183.525,8734.1
1112,45733,4,nos,19204.165,76816.66
5405,56907,18,PC,126753.0,2281554.0
709,60830,5,nos,79742.5,398712.5
5567,53751,84,PC,112307.5,9433830.0
2993,63575,42,pcs,37324.5,1567629.0
6593,53844,7,PC,162073.5,1134514.5
11036,60899,15,PC,39662.5,594937.5
7996,59959,48,PC,49933.0,2396784.0
1348,64153,4,nos,9670.97,38683.88
5227,66709,2,BG,1022.875,2045.75
12217,60830,63,PC,79742.5,5023777.5
9264,60933,13,PC,105293.5,1368815.5
5279,60695,151,PC,196225.0,29629975.0
5305,32498,6,BX,1189.875,7139.25
1209,64529,2,nos,33362.425,66724.85
7760,62100,27,CT,981.125,26490.38
425,64529,23,nos,33362.425,767335.78
555,63133,2,nos,23379.165,46758.33
945,63061,2,nos,98362.165,196724.33
6187,60046,23,PC,57865.5,1330906.5
8295,59802,74,CT,323145.0,23912730.0
4166,61347,8,PCS,93520.0,748160.0
2271,63561,5,Bag,27555.0,137775.0
2715,63834,11,pcs,78991.0,868901.0
2969,63831,29,PCS,58450.0,1695050.0
13118,50891,17,PC,137190.5,2332238.5
12405,61289,24,PC,39662.5,951900.0
4005,63586,26,pcs,52521.5,1365559.0
13018,61059,14,PC,148546.5,2079651.0
10194,62100,27,CT,981.125,26490.38
5848,62110,46,CT,33233.0,1528718.0
4366,61312,28,pcs,77655.0,2174340.0
10708,60933,39,PC,105293.5,4106446.5
3425,63799,19,PCS,432.53,8218.07
5690,66750,6,CT,964.425,5786.55
5788,61289,5,PC,39662.5,198312.5
9287,60942,49,PC,330326.0,16185974.0
5197,66711,6,BG,1022.875,6137.25
3170,63657,40,pcs,165037.75,6601510.0
9456,32498,4,BX,1189.875,4759.5
2657,58212,2,bag,1331.825,2663.65
13172,60547,5,PC,128673.5,643367.5
3805,32371,2,box,6730.1,13460.2
69,60830,1,nos,79742.5,79742.5
4238,56646,18,roll,3019.36,54348.48
3060,58225,4,PCS,48012.5,192050.0
12960,60830,24,PC,79742.5,1913820.0
3207,63999,3,each,618.735,1856.2
9994,61500,9,PC,214428.0,1929852.0
7896,61509,23,EA,175.35,4033.05
8258,48572,5,PC,113977.5,569887.5
12632,61332,44,PC,68470.0,3012680.0
10164,61010,205,PC,183115.5,37538677.5
3852,48811,5,Bag,35070.0,175350.0
11602,59801,13,CT,219187.5,2849437.5
5913,60934,115,PC,105293.5,12108752.5
7742,43460,5,BD,8032.7,40163.5
4979,59992,9,PC,47261.0,425349.0
3329,32074,6,BOX,673.01,4038.06
733,58126,3,nos,10116.442500000001,30349.33
246,60830,2,nos,79742.5,159485.0
3099,64011,46,pcs,21209.0,975614.0
11309,60830,50,PC,79742.5,3987125.0
5621,60830,13,PC,79742.5,1036652.5
7459,60830,6,PC,79742.5,478455.0
2436,60830,21,pcs,79742.5,1674592.5
5494,63314,5,CT,868.4,4342.0
2705,63687,16,each,1377.75,22044.0
9863,61343,21,PC,59285.0,1244985.0
9148,65163,47,PC,182197.0,8563259.0
11071,60830,27,PC,79742.5,2153047.5
5937,48515,40,CT,85503.42013888889,3420136.81
6551,21145,3,BX,12349.65,37048.95
674,33778,5,nos,508.515,2542.57
8194,62095,7,RL,375.75,2630.25
1607,60830,5,nos,79742.5,398712.5
4839,62863,3,nos,17351.3,52053.9
477,60830,3,nos,79742.5,239227.5
3888,55228,5,bag,1327.65,6638.25
12013,59947,191,PC,39662.5,7575537.5
2875,42998,3,case,708.915,2126.74
9308,60973,10,PC,163493.0,1634930.0
4863,60830,3,nos,79742.5,239227.5
2617,63696,7,PCS,30644.5,214511.5
6386,66936,15,PC,100617.5,1509262.5
9380,60938,10,PC,137691.5,1376915.0
10270,50891,27,PC,137190.5,3704143.5
1509,60830,9,nos,79742.5,717682.5
4902,60830,5,nos,79742.5,398712.5
1955,55228,5,bag,1327.65,6638.25
4880,60830,4,nos,79742.5,318970.0
8112,59992,23,PC,47261.0,1087003.0
5596,60830,2,CT,79742.5,159485.0
6426,59959,177,PC,49933.0,8838141.0
4047,28090,2,box,4711.07,9422.14
4451,60830,2,PCS,79742.5,159485.0
12231,43460,2,BD,8032.7,16065.4
7347,50899,12,PC,107047.0,1284564.0
6748,60940,9,PC,190547.0,1714923.0
813,10328,224,nos,909.7325,203780.08
8432,50879,9,PC,177020.0,1593180.0
9723,50879,18,PC,177020.0,3186360.0
4808,60830,9,nos,79742.5,717682.5
6259,59951,10,PC,175767.5,1757675.0
2178,61191,10,pcs,52354.5,523545.0
10653,61289,225,PC,39662.5,8924062.5
10512,66567,79,PC,176435.88657407407,13938435.04
4443,62646,2,PCS,73497.535,146995.07
7039,61343,17,PC,59285.0,1007845.0
6352,60967,12,PC,267116.5,3205398.0
1428,64059,62,nos,460.085,28525.27
9058,60531,1,EA,730.625,730.62
4521,60830,3,PCS,79742.5,239227.5
10286,60830,1,PC,79742.5,79742.5
6785,53691,5,PC,39245.0,196225.0
7943,66497,9,PC,203155.5,1828399.5
6862,61215,91,PC,40497.5,3685272.5
1414,60830,2,nos,79742.5,159485.0
115,46902,3,nos,4291.9,12875.7
11554,60938,11,PC,137691.5,1514606.5
7781,43459,2,BD,6721.75,13443.5
13074,60657,17,PC,220273.0,3744641.0
12659,60830,2,BX,79742.5,159485.0
231,60830,10,nos,79742.5,797425.0
6330,51172,9,PC,104124.5,937120.5
2678,63917,2,each,2828.98,5657.96
13216,60830,10,PC,79742.5,797425.0
7421,59866,12,CT,57531.5,690378.0
9034,60939,29,PC,150425.25,4362332.25
1521,62467,56,nos,18114.9075,1014434.82
5999,62095,14,RL,375.75,5260.5
215,60830,2,nos,79742.5,159485.0
4641,60830,3,nos,79742.5,239227.5
9667,60830,25,PC,79742.5,1993562.5
5341,43460,5,BD,8032.7,40163.5
8084,50892,4,PC,102204.0,408816.0
5923,59959,91,PC,49933.0,4543903.0
697,26774,22,nos,2967.59,65286.98
12000,61059,10,PC,148546.5,1485465.0
2632,50436,18,roll,354.04,6372.72
6524,26930,36,PC,5427.5,195390.0
11221,60830,69,PC,79742.5,5502232.5
4388,60830,34,PCS,79742.5,2711245.0
11789,60830,7,PC,79742.5,558197.5
11381,62100,59,CT,981.125,57886.38
6168,60938,12,PC,137691.5,1652298.0
9080,60972,78,PC,172594.5,13462371.0
2030,63648,5,Bndl,15376.525,76882.62
6082,60409,62,PC,54108.0,3354696.0
7635,56907,47,PC,126753.0,5957391.0
7697,60046,8,PC,57865.5,462924.0
13404,65046,5,can,1983.125,9915.62
8679,19810,2,BX,12159.6875,24319.38
8893,43457,5,BD,6312.6,31563.0
10938,60830,418,PC,79742.5,33332365.0
737,64104,3,nos,6766.84,20300.52
5610,60015,178,PC,52521.50000000001,9348827.0
13099,40328,25,PC,192217.0,4805425.0
12042,59790,70,PC,47595.0,3331650.0
7887,65925,48,PC,242150.0,11623200.0
5776,49026,25,PC,51519.5,1287987.5
11660,57871,28,CT,57782.0,1617896.0
12092,66769,3,CN,2429.85,7289.55
11153,59799,2,CT,219187.5,438375.0
3528,61197,17,pcs,61372.5,1043332.5
1499,64152,3,nos,8244.79,24734.37
10037,60830,2,PC,79742.5,159485.0
13319,43335,4,PK,1085.5,4342.0
3442,61347,6,pcs,93520.0,561120.0
5929,61401,52,PC,31312.5,1628250.0
3500,49320,10,bag,1369.4,13694.0
32,60830,3,nos,79742.5,239227.5
7976,60941,10,PC,237891.5,2378915.0
2440,32371,2,box,6730.1,13460.2
2326,63831,25,PCS,58450.0,1461250.0
12372,61401,16,PC,31312.5,501000.0
3624,61312,6,pcs,77655.0,465930.0
5047,59992,22,PC,47261.0,1039742.0
9725,60830,13,PC,79742.5,1036652.5
13081,59971,10,PC,75985.0,759850.0
6833,60575,13,PC,179383.05,2331979.65
3296,63802,6,CTN,877585.0,5265510.0
12661,61289,51,PC,39662.5,2022787.5
3069,61186,33,pcs,52521.5,1733209.5
12228,61289,294,PC,39662.5,11660775.0
484,43797,3,nos,6857.02,20571.06
4326,58225,28,PCS,48012.5,1344350.0
2125,62150,4,roll,1252.5,5010.0
12704,60547,9,PC,128673.5,1158061.5
12848,61401,2,PC,31312.5,62625.0
12340,61289,157,PC,39662.5,6227012.5
8332,59971,16,PC,75985.0,1215760.0
11772,51168,87,PC,52855.5,4598428.5
12858,60776,11,PC,205201.25,2257213.75
12871,53691,20,PC,39245.0,784900.0
10478,60830,34,PC,79742.5,2711245.0
7333,60420,33,PC,80911.5,2670079.5
9186,59806,28,CT,219187.5,6137250.0
4891,60830,2,PK,79742.5,159485.0
9085,60409,92,PC,54108.0,4977936.0
6956,60830,2,EA,79742.5,159485.0
12431,66434,13,BG,864.225,11234.92
3853,48811,5,Bag,35070.0,175350.0
5533,61433,7,PC,990727.5,6935092.5
11639,32498,2,BX,1189.875,2379.75
12143,60830,15,PC,79742.5,1196137.5
300,26774,5,nos,2967.59,14837.95
13262,61289,207,PC,39662.5,8210137.5
5439,60830,6,PC,79742.5,478455.0
1409,60830,3,nos,79742.5,239227.5
6453,28234,83,CT,868.4,72077.2
10732,62100,59,CT,981.125,57886.38
1748,32683,3,nos,5528.535,16585.6
10735,61404,41,PC,56362.5,2310862.5
12301,59840,5,CT,83500.0,417500.0
1415,64321,11,nos,291.415,3205.56
7991,59832,37,CT,217517.5,8048147.5
500,28032,3,nos,5529.37,16588.11
669,40374,2,nos,12557.565,25115.13
2537,51854,2,box,1518.03,3036.06
9403,66750,9,CT,964.425,8679.82
12868,60015,141,PC,52521.50000000001,7405531.5
2860,60933,7,pcs,105293.5,737054.5
1581,60830,3,EA,79742.5,239227.5
11318,59867,25,BX,1607.375,40184.38
9318,60958,13,PC,127922.0,1662986.0
3903,41912,3,pcs,149131.0,447393.0
12369,50943,3,BX,2108.375,6325.12
12507,66725,3,BG,1169.0,3507.0
304,60830,2,nos,79742.5,159485.0
5435,61332,42,PC,68470.0,2875740.0
11625,33660,2,RL,354.875,709.75
1019,47226,9,nos,235.47,2119.23
5401,59691,13,PC,80702.75,1049135.75
4696,60830,4,nos,79742.5,318970.0
6573,63302,162,PC,48012.5,7778025.0
6889,66711,19,BG,1022.875,19434.62
2792,60830,5,PCS,79742.5,398712.5
6418,50016,47,PA,1837.0,86339.0
4769,40380,2,nos,37119.09,74238.18
5666,67037,2,EA,1983.125,3966.25
8064,60830,50,PC,79742.5,3987125.0
11184,40328,36,PC,192217.0,6919812.0
12337,41912,46,PC,149131.0,6860026.0
6012,62108,3,PC,38827.5,116482.5
12342,61289,214,PC,39662.5,8487775.0
2629,65046,5,can,1983.125,9915.62
5698,50016,47,PA,1837.0,86339.0
9539,63981,94,CT,68470.0,6436180.0
2674,63657,2,pcs,165037.75,330075.5
3636,58211,4,can,1983.125,7932.5
4394,58216,5,PCS,32064.0,160320.0
2376,47749,9,each,1919.665,17276.98
9320,49214,53,PC,179775.5,9528101.5
6815,26930,45,PC,5427.5,244237.5
3435,58225,52,PCS,48012.5,2496650.0
4765,60830,4,nos,79742.5,318970.0
11759,61144,6,PC,65965.0,395790.0
4550,62468,11,PCS ,1611.55,17727.05
8631,43460,3,BD,8032.7,24098.1
1069,64247,21,nos,711.42,14939.82
4029,61198,30,pcs,65714.5,1971435.0
9603,65118,17,PC,25050.0,425850.0
8248,60830,23,PC,79742.5,1834077.5
8900,59806,37,CT,219187.5,8109937.5
8349,62108,85,CT,38827.5,3300337.5
5770,59951,62,PC,175767.5,10897585.0
11360,62176,3,CT,80661.0,241983.0
8824,49025,3,CT,64295.0,192885.0
8118,32498,2,BX,1189.875,2379.75
7999,46146,18,PC,1495.485,26918.73
12468,60803,29,PC,79750.00109553023,2312750.03
11566,60830,2,BX,79742.5,159485.0
6680,61422,29,PC,440212.0,12766148.0
466,60830,2,nos,79742.5,159485.0
3781,61200,55,pcs,61372.5,3375487.5
1721,60830,1,nos,79742.5,79742.5
11883,26930,12,PC,5427.5,65130.0
13024,60830,52,PC,79742.5,4146610.0
9105,46833,2,TB,396.625,793.25
3885,63914,2,box,2201.06,4402.12
5431,60699,107,PC,196225.0,20996075.0
6437,61384,29,PC,57035.13888888889,1654019.03
9256,66516,10,PC,73480.0,734800.0
13302,21458,69,PC,34903.0,2408307.0
6546,48572,34,PC,113977.5,3875235.0
5981,37858,3,BX,6838.65,20515.95
5365,62373,10,PC,14850.475,148504.75
11692,60420,45,PC,80911.5,3641017.5
2456,63499,47,pcs,48012.5,2256587.5
9289,60759,26,PC,108132.5,2811445.0
4140,63705,16,pcs,118152.5,1890440.0
9538,60015,14,PC,52521.50000000001,735301.0
11269,58208,6,PC,170757.5,1024545.0
421,44622,7,nos,6837.815,47864.7
6704,65113,10,PC,288.075,2880.75
2478,61197,42,pcs,61372.5,2577645.0
3943,48811,3,Bag,35070.0,105210.0
4193,58225,115,PCS,48012.5,5521437.5
6884,50016,50,PA,1837.0,91850.0
1048,60830,2,nos,79742.5,159485.0
10420,61215,77,PC,40497.5,3118307.5
7449,26930,14,PC,5427.5,75985.0
857,63089,12,nos,18114.9075,217378.89
9206,66518,29,PC,127838.5,3707316.5
4937,60202,42,PA,75733.10833333334,3180790.55
7728,60202,10,PA,75733.10833333334,757331.08
9699,59971,20,PC,75985.0,1519700.0
13119,60830,56,PC,79742.5,4465580.0
2096,58225,16,PCS,48012.5,768200.0
915,34748,5,nos,14361.165,71805.83
4485,60830,3,PCS,79742.5,239227.5
10495,60205,10,PC,63042.50000000001,630425.0
10119,61508,79,EA,267.2,21108.8
5958,56907,49,PC,126753.0,6210897.0
10589,61144,52,CT,65965.0,3430180.0
8299,49026,23,PC,51519.5,1184948.5
1140,60830,3,nos,79742.5,239227.5
11346,21145,5,BX,12349.65,61748.25
4975,60958,29,PC,127922.0,3709738.0
7047,61289,57,PC,39662.5,2260762.5
821,63047,13,nos,709.75,9226.75
1644,60830,2,nos,79742.5,159485.0
5842,60035,835,PC,71768.25,59926488.75
11216,60830,9,PC,79742.5,717682.5
10957,60986,40,PC,125834.5,5033380.0
108,64548,3,nos,3570.0424999999996,10710.13
8869,25129,2,"BX
:selected:",15865.0,31730.0
7705,60778,43,PC,243903.5,10487850.5
368,37657,30,nos,202.905,6087.15
4950,60830,48,PC,79742.5,3827640.0
6877,53844,27,PC,162073.5,4375984.5
3648,62237,38,PCS,48012.5,1824475.0
3989,48811,2,Bag,35070.0,70140.0
4686,62801,3,nos,14445.5,43336.5
5295,61051,8,CT,626.25,5010.0
9120,60830,5,BD,79742.5,398712.5
5909,60987,96,PC,120949.68557098765,11611169.81
5220,53691,109,PC,39245.0,4277705.0
5426,61395,10,PC,121492.5,1214925.0
218,60830,3,nos,79742.5,239227.5
4338,63824,89,pcs,77571.5,6903863.5
4316,63813,4,each,81828.33,327313.32
2088,61206,10,pcs,61122.0,611220.0
3155,65652,3,box,1651.63,4954.89
13421,36443,4,PKG,474.28,1897.12
4100,60102,2,BOX,2338.0,4676.0
4502,60830,5,PCS ,79742.5,398712.5
511,47184,2,nos,1381.925,2763.85
701,64201,38,nos,18114.9075,688366.49
1714,60830,35,nos,79742.5,2790987.5
170,60830,2,nos,79742.5,159485.0
4476,60830,2,PCS,79742.5,159485.0
10901,62097,8,CT,475.95,3807.6
12967,60830,49,PC,79742.5,3907382.5
10807,59806,37,CT,219187.5,8109937.5
1278,60830,5,nos,79742.5,398712.5
574,45733,3,nos,19204.165,57612.5
9625,37949,2,BX,9519.0,19038.0
40,60830,6,nos,79742.5,478455.0
3692,60830,3,ctn,79742.5,239227.5
11962,66434,5,BG,864.225,4321.12
4514,60830,3,PCS,79742.5,239227.5
12388,41912,18,PC,149131.0,2684358.0
11822,66666,44,PC,395957.1371100164,17422114.03
3316,60830,4,each,79742.5,318970.0
10577,60542,48,PC,188125.5,9030024.0
933,34748,3,nos,14361.165,43083.5
10608,51168,3,PC,52855.5,158566.5
3685,58225,10,PCS,48012.5,480125.0
12882,54405,19,PC,79575.5,1511934.5
3464,63659,5,pcs,173429.5,867147.5
6780,61051,14,CT,626.25,8767.5
1497,35008,2,nos,12314.58,24629.16
4396,61343,4,pcs,59285.0,237140.0
3335,42998,60,case,708.915,42534.9
347,60830,4,nos,79742.5,318970.0
10074,60047,98,PC,61121.99999999999,5989956.0
4780,60830,4,nos,79742.5,318970.0
13112,60830,5,PC,79742.5,398712.5
475,60830,11,nos,79742.5,877167.5
6364,60194,32,PC,207915.0,6653280.0
3612,63800,4,CTN,866312.5,3465250.0
2086,61197,17,pcs,61372.5,1043332.5
12414,48572,3,PC,113977.5,341932.5
7475,61051,8,RL,626.25,5010.0
4221,62249,8,roll,1252.5,10020.0
8062,60574,36,PC,123830.79195804197,4457908.51
6876,61343,106,PC,59285.0,6284210.0
2343,63799,24,PCS,432.53,10380.72
1618,25466,26,nos,435.035,11310.91
1403,63038,5,nos,8051.07,40255.35
6499,60967,1,PC,267116.5,267116.5
8974,60541,5,PC,120073.0,600365.0
7745,36476,2,BG,1465.425,2930.85
1651,60830,3,nos,79742.5,239227.5
8493,60830,7,CT,79742.5,558197.5
1744,35449,10,nos,288.075,2880.75
4478,60830,2,PCS,79742.5,159485.0
7677,60787,10,PC,326192.75,3261927.5
11503,59947,228,PC,39662.5,9043050.0
12460,60830,3,PC,79742.5,239227.5
9633,66543,8,PC,113142.5,905140.0
12234,60830,7,PC,79742.5,558197.5
972,64543,3,nos,4709.4,14128.2
13271,60938,18,PC,137691.5,2478447.0
6393,60046,45,PC,57865.5,2603947.5
6827,59950,53,PC,60871.5,3226189.5
5096,61508,12,EA,267.2,3206.4
3245,64845,3,box,3877.74,11633.22
11915,60830,63,PC,79742.5,5023777.5
11080,62093,41,CT,981.125,40226.12
8798,53691,39,PC,39245.0,1530555.0
12743,59998,6,PC,68971.0,413826.0
9506,60899,33,PC,39662.5,1308862.5
1202,64683,2,nos,14889.72,29779.44
5710,60419,112,PC,87424.5,9791544.0
4190,42998,5,case,708.915,3544.58
11453,46833,6,TB,396.625,2379.75
9281,60899,21,PC,39662.5,832912.5
5715,60830,5,PC,79742.5,398712.5
12869,60409,61,PC,54108.0,3300588.0
37,60830,2,nos,79742.5,159485.0
10153,60899,10,PC,39662.5,396625.0
1624,40665,12,nos,321.475,3857.7
3564,61265,3,pcs,43670.5,131011.5
9412,61380,20,PC,41082.0,821640.0
5702,60830,34,PC,79742.5,2711245.0
5350,61384,255,PC,57035.13888888889,14543960.42
8855,60830,17,PC,79742.5,1355622.5
7477,32371,4,BX,6730.1,26920.4
4490,60830,3,PCS,79742.5,239227.5
6760,60830,12,PC,79742.5,956910.0
4130,60830,84,ctn,79742.5,6698370.0
8141,50879,2,PC,177020.0,354040.0
3756,65046,4,can,1983.125,7932.5
2513,48811,3,Bag,35070.0,105210.0
11616,60830,4,PC,79742.5,318970.0
8098,61433,6,PC,990727.5,5944365.0
12833,60830,15,PC,79742.5,1196137.5
10312,62093,21,CT,981.125,20603.62
12223,60970,10,PC,302437.0,3024370.0
1767,28032,3,nos,5529.37,16588.11
11039,60917,22,PC,123162.5,2709575.0
11844,49026,581,CT,51519.5,29932829.5
5251,60830,2,CT,79742.5,159485.0
1289,60830,2,nos,79742.5,159485.0
7008,60830,6,PC,79742.5,478455.0
5071,62533,2,EA,12107.5,24215.0
4195,63655,3,each,6171.485,18514.45
6905,60830,9,PC,79742.5,717682.5
12219,60830,21,PC,79742.5,1674592.5
5026,60830,126,PC,79742.5,10047555.0
8960,61065,33,PC,180193.0,5946369.0
5345,62093,21,CT,981.125,20603.62
11643,54405,5,PC,79575.5,397877.5
8371,46146,18,PC,1495.485,26918.73
12212,60830,17,PC,79742.5,1355622.5
5911,60933,101,PC,105293.5,10634643.5
7106,51168,36,PC,52855.5,1902798.0
5118,59814,7,CT,193834.8125,1356843.69
9194,60033,27,PC,48680.5,1314373.5
4732,58185,3,nos,8998.795,26996.38
5329,49026,12,CT,51519.5,618234.0
7624,60409,31,PC,54108.0,1677348.0
3412,62051,2,each,2232.79,4465.58
8342,46086,4,CT,67593.25,270373.0
8863,60830,3,BX,79742.5,239227.5
11488,59814,16,CT,193834.8125,3101357.0
1351,60830,2,nos,79742.5,159485.0
13047,10325,10,PC,114395.0,1143950.0
1328,60830,3,EA,79742.5,239227.5
9411,66463,22,PC,74328.69921875,1635231.38
4157,63659,9,PCS,173429.5,1560865.5
10265,60830,8,PC,79742.5,637940.0
2955,62237,18,PCS,48012.5,864225.0
6635,62545,15,BX,434.2,6513.0
3563,63571,5,pcs,47511.5,237557.5
211,60830,15,nos,79742.5,1196137.5
9530,60830,2,PC,79742.5,159485.0
1951,58225,10,PCS,48012.5,480125.0
8128,61289,40,PC,39662.5,1586500.0
652,28032,3,nos,5529.37,16588.11
1594,60830,3,nos,79742.5,239227.5
9051,60830,3,PC,79742.5,239227.5
11354,60191,20,PC,226368.5,4527370.0
638,32683,3,nos,5528.535,16585.6
3313,21226,5,roll,626.25,3131.25
1397,64166,2,nos,14225.06,28450.12
4049,58216,6,PCS,32064.0,192384.0
11443,32498,3,BX,1189.875,3569.62
10388,40328,13,PC,192217.0,2498821.0
1671,60830,5,EA,79742.5,398712.5
6527,61289,92,PC,39662.5,3648950.0
2755,60830,2,BOX,79742.5,159485.0
4973,60933,41,PC,105293.5,4317033.5
2302,63492,24,pcs,45925.0,1102200.0
4398,21226,2,roll,626.25,1252.5
12019,61410,5,PC,109134.5,545672.5
3370,61206,10,pcs,61122.0,611220.0
10217,60409,27,PC,54108.0,1460916.0
2457,63499,47,pcs,48012.5,2256587.5
2479,61206,8,pcs,61122.0,488976.0
9742,60830,57,PC,79742.5,4545322.5
12484,64800,109,BG,28557.0,3112713.0
6495,60918,1,PC,124665.49999999999,124665.5
7602,62108,9,CT,38827.5,349447.5
2920,64855,3,bxs,1394.45,4183.35
13067,63666,110,PC,80577.5,8863525.0
12281,61289,83,PC,39662.5,3291987.5
1471,62985,6,nos,5537.72,33226.32
4393,62237,3,PCS,48012.5,144037.5
485,35099,19,nos,291.41499999999996,5536.88
9247,51248,19,PC,126794.75,2409100.25
13345,42863,27,PC,1121.405,30277.94
899,34748,3,nos,14361.165,43083.5
1733,56729,3,nos,12087.46,36262.38
399,28883,3,nos,1035.4,3106.2
2610,58216,5,PCS,32064.0,160320.0
12530,60830,10,PC,79742.5,797425.0
909,53067,5,nos,28472.665,142363.33
5014,48572,27,PC,113977.5,3077392.5
11840,40330,20,PC,130510.5,2610210.0
6128,51249,350,PC,207915.0,72770250.0
3064,49694,11,tube,1162.32,12785.52
593,31984,3,nos,4591.665,13775.0
1251,45733,2,nos,19204.165,38408.33
9965,61144,38,CT,65965.0,2506670.0
12510,49210,28,PC,115316.97916666667,3228875.42
6070,60830,2,BX,79742.5,159485.0
8766,60938,10,PC,137691.5,1376915.0
13314,61289,29,PC,39662.5,1150212.5
13344,32072,3,BX,9519.0,28557.0
4210,51249,10,PCS,207915.0,2079150.0
11856,49215,9,PC,79325.0,713925.0
9071,61508,79,EA,267.2,21108.8
13256,60830,73,PC,79742.5,5821202.5
4404,55228,5,bag,1327.65,6638.25
13144,40328,9,PC,192217.0,1729953.0
12483,48572,27,PC,113977.5,3077392.5
765,64605,6,nos,2032.8075,12196.84
10025,60202,16,PA,75733.10833333334,1211729.73
583,63556,4,nos,1381.925,5527.7
3468,61206,5,pcs,61122.0,305610.0
10118,66925,20,PC,941880.0,18837600.0
5307,50584,3,BX,18114.9075,54344.72
2151,65046,4,can,1983.125,7932.5
9309,60830,6,PC,79742.5,478455.0
9028,60830,24,PC,79742.5,1913820.0
2849,62115,6,pcs,22336.25,134017.5
1871,66118,2,each,2437.365,4874.73
11257,63328,1,BX,13464.375,13464.38
12476,60409,61,PC,54108.0,3300588.0
9119,61144,9,CT,65965.0,593685.0
5585,60830,186,PC,79742.5,14832105.0
739,25466,4,nos,435.035,1740.14
2454,43457,3,bndl,6312.6,18937.8
1985,63562,20,bag,35070.0,701400.0
3422,55228,3,bag,1327.65,3982.95
3546,65882,2,box,1168.165,2336.33
12627,60657,24,PC,220273.0,5286552.0
6316,60005,16,PC,1753.5,28056.0
6074,62274,61,CT,396.625,24194.12
7615,51168,14,PC,52855.5,739977.0
9553,66538,43,PC,164912.5,7091237.5
2612,61343,4,pcs,59285.0,237140.0
2877,63931,2,box,2654.465,5308.93
751,60830,2,nos,79742.5,159485.0
8716,51169,4,BC,18114.9075,72459.63
12108,60569,4,PC,107130.5,428522.0
1840,58212,5,bag,1331.825,6659.12
4342,43457,2,bndl,6312.6,12625.2
1276,64321,22,nos,291.415,6411.13
9962,60483,62,PC,128590.0,7972580.0
12237,60830,15,PC,79742.5,1196137.5
6555,21184,2,BX,11063.75,22127.5
9681,51175,14,PC,319038.0525,4466532.73
4149,60830,71,pcs,79742.5,5661717.5
9627,59840,71,CT,83500.0,5928500.0
8580,51168,57,PC,52855.5,3012763.5
4795,62789,11,nos,1618.23,17800.53
8041,65410,3,PC,128590.0,385770.0
2118,32371,2,box,6730.1,13460.2
1370,52255,3,EA,1655.805,4967.42
741,64153,2,nos,9670.97,19341.94
2471,61191,10,pcs,52354.5,523545.0
2496,41912,3,pcs,149131.0,447393.0
1189,64510,2,nos,6784.7925,13569.58
12027,63311,4,BG,864.225,3456.9
4681,60830,3,nos,79742.5,239227.5
1571,60830,4,nos,79742.5,318970.0
7625,59959,35,PC,49933.0,1747655.0
4124,32074,10,BOX,673.01,6730.1
9025,61289,7,PC,39662.5,277637.5
13215,60830,34,PC,79742.5,2711245.0
1982,23492,9,tube,1210.75,10896.75
12625,60830,10,PC,79742.5,797425.0
2663,61206,19,pcs,61122.0,1161318.0
9039,66744,2,BD,13134.55,26269.1
6888,66711,19,BG,1022.875,19434.62
2058,50436,4,roll,354.04,1416.16
11800,62093,2,CT,981.125,1962.25
2596,65660,5,each,148463.0,742315.0
10492,53850,84,PC,55193.5,4636254.0
2859,60830,12,each,79742.5,956910.0
4654,60830,5,nos,79742.5,398712.5
2324,61312,110,pcs,77655.0,8542050.0
8814,48515,89,CT,85503.42013888889,7609804.39
5563,59691,9,PC,80702.75,726324.75
3509,32371,2,box,6730.1,13460.2
9898,53844,10,PC,162073.5,1620735.0
5386,61215,150,PC,40497.5,6074625.0
4707,62784,3,nos,6416.975,19250.93
6978,60015,26,PC,52521.50000000001,1365559.0
563,40945,4,nos,14756.955,59027.82
8569,66725,10,BG,1169.0,11690.0
9921,51249,10,PC,207915.0,2079150.0
8240,43459,3,BD,6721.75,20165.25
1670,60830,26,nos,79742.5,2073305.0
11978,50879,45,PC,177020.0,7965900.0
12120,49026,12,CT,51519.5,618234.0
6075,60417,88,PC,69722.5,6135580.0
6111,63302,162,PC,48012.5,7778025.0
4401,21345,2,pack,2663.65,5327.3
8917,59842,48,CT,274715.0,13186320.0
9771,60830,2,BX,79742.5,159485.0
11861,60958,11,PC,127922.0,1407142.0
4126,63692,145,pcs,49265.0,7143425.0
8340,21376,4,BX,18114.9075,72459.63
4128,60830,23,ctn,79742.5,1834077.5
181,60830,2,nos,79742.5,159485.0
11734,62100,159,CT,981.125,155998.88
11402,61289,162,PC,39662.5,6425325.0
9969,60830,4,BX,79742.5,318970.0
1956,61185,20,pcs,50601.0,1012020.0
1058,64529,4,nos,33362.425,133449.7
10940,60830,16,PC,79742.5,1275880.0
9537,42172,6,RL,313.125,1878.75
1400,60830,3,nos,79742.5,239227.5
8962,60830,6,PC,79742.5,478455.0
8013,60830,16,PC,79742.5,1275880.0
5036,60830,6,PC,79742.5,478455.0
10448,62274,12,CT,396.625,4759.5
5774,61145,188,PC,85253.5,16027658.0
10558,61289,10,PC,39662.5,396625.0
1211,60830,163,nos,79742.5,12998027.5
7105,60711,16,PC,183282.5,2932520.0
12098,43335,3,PK,1085.5,3256.5
10812,61146,226,PC,85252.95065789473,19267166.85
9636,66799,3,CN,2158.4750000000004,6475.43
12800,41912,25,PC,149131.0,3728275.0
4216,50016,61,can,1837.0,112057.0
12996,61409,54,PC,90597.5,4892265.0
7336,60638,22,PC,108717.0,2391774.0
8188,66932,35,CT,32147.5,1125162.5
3061,58225,4,PCS,48012.5,192050.0
4257,60830,52,PCS,79742.5,4146610.0
1435,60830,165,nos,79742.5,13157512.5
13406,42172,18,roll,313.125,5636.25
93,60830,5,nos,79742.5,398712.5
6943,59949,19,PC,52266.825,993069.68
4906,60830,4,nos,79742.5,318970.0
7937,66505,3,PC,328071.5,984214.5
11908,26930,22,PC,5427.5,119405.0
5009,60830,11,CT,79742.5,877167.5
2237,61197,35,pcs,61372.5,2148037.5
10798,60203,60,PC,86923.5,5215410.0
12697,60015,58,PC,52521.50000000001,3046247.0
5091,60965,17,PC,186872.99999999997,3176841.0
12775,60409,16,PC,54108.0,865728.0
5858,61289,88,PC,39662.5,3490300.0
1085,63038,4,nos,8051.07,32204.28
429,45733,3,nos,19204.165,57612.5
3972,35387,2,each,2230.285,4460.57
4919,55228,39,BG,1327.65,51778.35
3644,55228,10,bag,1327.65,13276.5
13410,60917,8,pcs,123162.5,985300.0
2949,60830,2,bag,79742.5,159485.0
7710,63356,22,PC,288.075,6337.65
6828,36476,2,BG,1465.425,2930.85
409,63052,2,nos,7921.645,15843.29
13355,48515,73,CT,85503.42013888889,6241749.67
1609,60830,2,nos,79742.5,159485.0
6608,62093,2,CT,981.125,1962.25
13115,66566,20,PC,134518.5,2690370.0
9826,60938,27,PC,137691.5,3717670.5
3551,63918,4,box,4364.545,17458.18
7593,61347,10,PC,93520.0,935200.0
12488,49215,6,PC,79325.0,475950.0
2216,63830,4,CTN,62374.5,249498.0
10442,21458,10,PC,34903.0,349030.0
950,53144,2,nos,6179.0,12358.0
4751,60830,3,nos,79742.5,239227.5
7986,21458,63,PC,34903.0,2198889.0
12647,41912,18,PC,149131.0,2684358.0
11937,61149,19,CT,241315.0,4584985.0
9586,50921,6,PC,169339.7395833333,1016038.44
5287,61514,1078,PC,150133.0,161843374.0
5736,49214,29,PC,179775.5,5213489.5
12190,60047,8,PC,61121.99999999999,488976.0
6346,60939,134,PC,150425.25,20156983.5
6063,51172,6,PC,104124.5,624747.0
7204,60921,3,PC,229875.5,689626.5
1422,48435,6,nos,456.745,2740.47
5033,60830,53,PC,79742.5,4226352.5
4557,60830,4,EA,79742.5,318970.0
820,26774,30,nos,2967.59,89027.7
13129,62097,6,CT,475.95,2855.7
9989,50919,27,PC,141532.5,3821377.5
5884,60059,4,BX,1732.625,6930.5
12067,60830,2,BX,79742.5,159485.0
10062,60958,3,PC,127922.0,383766.0
6837,60830,39,PC,79742.5,3109957.5
1286,60830,2,nos,79742.5,159485.0
3376,55228,58,bag,1327.65,77003.7
8053,62108,9,CT,38827.5,349447.5
6750,50875,20,PC,71643.0,1432860.0
12136,49215,6,PC,79325.0,475950.0
1092,64497,5,nos,3686.525,18432.62
8531,66528,6,PC,227955.0,1367730.0
74,64036,85,nos,256.345,21789.32
3998,61265,44,pcs,43670.5,1921502.0
5921,63302,162,PC,48012.5,7778025.0
11586,60203,7,PC,86923.5,608464.5
8286,60536,82,PC,77655.0,6367710.0
4120,32371,5,box,6730.1,33650.5
292,25655,2,nos,1564.79,3129.58
10769,60830,16,PC,79742.5,1275880.0
7128,59983,10,PC,93353.42602040817,933534.26
6320,60015,52,PC,52521.50000000001,2731118.0
2090,55228,3,bag,1327.65,3982.95
3496,53134,2,each,3568.79,7137.58
1802,60830,4,EACH,79742.5,318970.0
12300,60830,34,CT,79742.5,2711245.0
3211,60830,3,pack,79742.5,239227.5
3596,63482,5,each,662.99,3314.95
12939,61289,7,PC,39662.5,277637.5
319,60830,2,nos,79742.5,159485.0
8517,66751,1,PA,1607.375,1607.38
4835,60830,5,nos,79742.5,398712.5
13049,60640,3,PC,200650.49999999997,601951.5
2956,60830,4,pcs,79742.5,318970.0
1826,65046,3,can,1983.125,5949.38
4082,62047,2,pack,2128.415,4256.83
10136,43460,2,BD,8032.7,16065.4
7869,66528,20,PC,227955.0,4559100.0
5441,60060,2,BX,5636.25,11272.5
6254,46798,2,BX,6554.75,13109.5
7707,60970,7,PC,302437.0,2117059.0
6175,37949,8,BX,9519.0,76152.0
13148,60492,5,PC,126878.25,634391.25
10379,50879,11,PC,177020.0,1947220.0
1831,60830,2,BOX,79742.5,159485.0
5222,60899,121,PC,39662.5,4799162.5
86,60830,3,nos,79742.5,239227.5
13065,50892,38,PC,102204.0,3883752.0
1220,60830,3,nos,79742.5,239227.5
2819,60830,2,PACK,79742.5,159485.0
7696,60046,8,PC,57865.5,462924.0
2313,58211,3,can,1983.125,5949.38
2421,58211,17,can,1983.125,33713.12
2799,45223,3,box,6437.85,19313.55
5334,66990,47,CT,76068.5,3575219.5
2597,34675,2,ROLL,6330.97,12661.94
595,25065,3,nos,4713.575,14140.72
7534,10325,35,PC,114395.0,4003825.0
7224,60779,2,PC,114395.0,228790.0
4966,53691,39,PC,39245.0,1530555.0
8940,60830,9,PC,79742.5,717682.5
11968,53691,5,PC,39245.0,196225.0
13017,60830,103,PC,79742.5,8213477.5
12577,53844,11,PC,162073.5,1782808.5
11002,60202,10,PA,75733.10833333334,757331.08
62,60830,1,nos,79742.5,79742.5
10655,49026,44,CT,51519.5,2266858.0
12323,53850,35,PC,55193.5,1931772.5
9585,63357,4,CT,39078.0,156312.0
2358,61200,55,pcs,61372.5,3375487.5
10633,63328,2,"BX
:selected:",13464.375,26928.75
11091,62274,3,RL,396.625,1189.88
10664,26930,32,PC,5427.5,173680.0
5915,60958,47,PC,127922.0,6012334.0
13318,32043,17,PC,38410.0,652970.0
6006,60830,2,BD,79742.5,159485.0
7135,51168,9,PC,52855.5,475699.5
7768,50016,3,PA,1837.0,5511.0
959,25466,21,nos,435.035,9135.74
11686,62100,3,CT,981.125,2943.38
1514,60830,2,nos,79742.5,159485.0
9649,60830,3,PC,79742.5,239227.5
1480,60830,2,nos,79742.5,159485.0
6927,61508,17,EA,267.2,4542.4
10826,51173,13,PC,90722.75,1179395.75
5864,60830,10,PC,79742.5,797425.0
7507,48515,10,CT,85503.42013888889,855034.2
8120,40328,11,PC,192217.0,2114387.0
8247,60830,24,PC,79742.5,1913820.0
12513,63303,57,PC,48430.0,2760510.0
9225,60830,10,PC,79742.5,797425.0
12857,60830,34,PC,79742.5,2711245.0
13198,60719,67,PC,146125.0,9790375.0
11102,40328,11,PC,192217.0,2114387.0
10281,60409,4,PC,54108.0,216432.0
3414,62050,2,pack,2234.46,4468.92
12059,62093,41,CT,981.125,40226.12
7259,48572,65,PC,113977.5,7408537.5
128,60830,3,nos,79742.5,239227.5
11526,60933,29,PC,105293.5,3053511.5
12313,61503,5,PC,177855.0,889275.0
7302,62496,339,PC,19051.36,6458411.04
12445,53844,139,PC,162073.5,22528216.5
8995,66711,39,BG,1022.875,39892.12
12561,60830,2,BX,79742.5,159485.0
7770,66434,5,BG,864.225,4321.12
11874,50892,12,PC,102204.0,1226448.0
276,60830,2,nos,79742.5,159485.0
9293,60938,36,PC,137691.5,4956894.0
9422,50879,17,PC,177020.0,3009340.0
1273,64483,3,nos,3134.59,9403.77
7335,60638,33,PC,108717.0,3587661.0
4522,60830,3,PCS,79742.5,239227.5
4036,63657,5,pcs,165037.75,825188.75
11213,60830,81,PC,79742.5,6459142.5
1898,65046,2,can,1983.125,3966.25
4607,58160,6,nos,3715.75,22294.5
7018,60830,5,PC,79742.5,398712.5
13180,61380,22,PC,41082.0,903804.0
9474,59992,14,PC,47261.0,661654.0
12841,48515,178,CT,85503.42013888889,15219608.78
716,60830,2,nos,79742.5,159485.0
9449,66747,21,TB,1290.075,27091.58
4411,64779,3,can,926.85,2780.55
1119,63142,22,nos,403.305,8872.71
8385,66488,41,PC,201652.5,8267752.5
6921,61332,18,PC,68470.0,1232460.0
12938,62274,18,RL,396.625,7139.25
10413,60542,37,PC,188125.5,6960643.5
2317,32371,2,box,6730.1,13460.2
4741,60830,48,nos,79742.5,3827640.0
5354,60205,1,CT,63042.50000000001,63042.5
10386,40328,15,PC,192217.0,2883255.0
7891,61430,7,PC,388275.0,2717925.0
4345,60938,5,pcs,137691.5,688457.5
4527,60830,48,PCS ,79742.5,3827640.0
9914,60830,39,PC,79742.5,3109957.5
4644,43200,4,nos,13422.625,53690.5
7856,60939,4,PC,150425.25,601701.0
10800,61146,233,PC,85252.95065789473,19863937.5
1865,63785,63,PCS,432.53,27249.39
7825,43460,32,BD,8032.7,257046.4
7325,60945,22,PC,145290.0,3196380.0
12692,60913,29,PC,403305.0,11695845.0
9960,49025,36,CT,64295.0,2314620.0
11871,60569,53,PC,107130.5,5677916.5
12915,61323,8,PC,55360.5,442884.0
734,64123,2,nos,44492.14,88984.28
7541,60970,4,PC,302437.0,1209748.0
12563,60205,4,CT,63042.50000000001,252170.0
4715,62848,27,nos,678.02,18306.54
7586,60830,20,PC,79742.5,1594850.0
8954,60830,158,PC,79742.5,12599315.0
12489,60052,2,BX,2505.0,5010.0
3493,32491,2,each,752.335,1504.67
10060,60933,41,PC,105293.5,4317033.5
2866,60830,2,each,79742.5,159485.0
12860,60517,21,PC,127796.75,2683731.75
6642,61065,8,PC,180193.0,1441544.0
11433,46858,2,TB,396.625,793.25
3354,63495,12,pcs,45925.0,551100.0
12876,60420,11,PC,80911.5,890026.5
6322,60409,36,PC,54108.0,1947888.0
13383,60035,196,PC,71768.25,14066577.0
2583,63833,25,pc,62625.0,1565625.0
6401,50899,10,PC,107047.0,1070470.0
7969,25103,2,BX,11088.8,22177.6
12156,60691,39,PC,132681.5,5174578.5
11182,60830,26,PC,79742.5,2073305.0
6225,49214,16,PC,179775.5,2876408.0
8722,60830,65,CT,79742.5,5183262.5
6591,62116,2,RL,901.8,1803.6
7809,60830,11,PC,79742.5,877167.5
10499,32498,6,BX,1189.875,7139.25
5175,60897,80,PC,33400.0,2672000.0
12573,40582,69,PC,5536.05,381987.45
1794,60830,2,PKG,79742.5,159485.0
1693,63144,25,nos,696.39,17409.75
7800,66475,1,PC,519036.0,519036.0
10918,60830,14,PC,79742.5,1116395.0
5612,21458,82,PC,34903.0,2862046.0
494,32683,4,nos,5528.535,22114.14
5310,43459,4,BD,6721.75,26887.0
158,63055,6,nos,18942.81,113656.86
7632,60900,58,PC,40664.5,2358541.0
3345,63657,2,pcs,165037.75,330075.5
4402,58225,10,PCS,48012.5,480125.0
7294,60197,1,PC,194555.0,194555.0
7529,60420,55,PC,80911.5,4450132.5
2288,61206,10,pcs,61122.0,611220.0
9630,60953,10,PC,268870.0,2688700.0
8345,21145,2,BX,12349.65,24699.3
966,64510,2,nos,6784.7925,13569.58
9751,60830,6,PC,79742.5,478455.0
5157,61215,91,PC,40497.5,3685272.5
2253,61191,10,pcs,52354.5,523545.0
7408,59944,7,PC,580872.0164233577,4066104.11
439,64051,17,nos,2048.255,34820.34
2689,63544,2,each,10771.5,21543.0
9798,40328,44,PC,192217.0,8457548.0
1615,63050,2,nos,820.805,1641.61
9041,49025,29,CT,64295.0,1864555.0
7921,66490,15,PC,206328.5,3094927.5
3032,23986,3,EACH,477.62,1432.86
11730,40328,49,PC,192217.0,9418633.0
9133,60203,40,CT,86923.5,3476940.0
757,60830,2,nos,79742.5,159485.0
4408,61206,6,pcs,61122.0,366732.0
1091,60830,2,nos,79742.5,159485.0
5438,60830,7,PC,79742.5,558197.5
9335,60517,29,PC,127796.75,3706105.75
4924,61146,31,CT,85252.95065789473,2642841.47
3102,65046,5,can,1983.125,9915.62
7249,60830,49,PC,79742.5,3907382.5
10998,61144,13,CT,65965.0,857545.0
4112,61311,79,pcs,77655.0,6134745.0
10723,41840,9,PC,5036.72,45330.48
6984,61384,158,PC,57035.13888888889,9011551.94
3015,32072,2,box,9519.0,19038.0
3774,55228,10,bag,1327.65,13276.5
7020,59995,42,PC,57319.03425,2407399.44
1879,61198,48,pcs,65714.5,3154296.0
12973,60830,14,PC,79742.5,1116395.0
12792,60052,3,BX,2505.0,7515.0
3222,61309,74,pcs,76152.0,5635248.0
8038,65925,101,PC,242150.0,24457150.0
12957,51249,96,PC,207915.0,19959840.0
9181,60830,144,PC,79742.5,11482920.0
11591,60202,3,PA,75733.10833333334,227199.32
12014,53691,5,PC,39245.0,196225.0
10064,59841,13,CT,88092.5,1145202.5
8032,60830,20,PC,79742.5,1594850.0
3234,62219,84,pcs,153055.5,12856662.0
9661,60830,3,PC,79742.5,239227.5
2590,58225,10,PCS,48012.5,480125.0
1433,64273,5,nos,3340.835,16704.18
6299,51163,97,PC,118908.04453125,11534080.32
4851,60830,6,nos,79742.5,478455.0
2175,61305,5,pcs,198980.5,994902.5
5628,53691,10,PC,39245.0,392450.0
2103,65882,2,box,1168.165,2336.33
5385,61524,5,PC,20040.0,100200.0
10873,60830,40,PC,79742.5,3189700.0
4664,60830,6,nos,79742.5,478455.0
1935,63495,12,pcs,45925.0,551100.0
12274,60830,12,PC,79742.5,956910.0
11698,60830,4,PC,79742.5,318970.0
7101,60830,13,PC,79742.5,1036652.5
5153,59992,85,PC,47261.0,4017185.0
9587,58208,5,PC,170757.5,853787.5
759,26774,11,nos,2967.59,32643.49
11925,60830,1,PC,79742.5,79742.5
830,63137,12,nos,403.305,4839.66
11829,10325,12,PC,114395.0,1372740.0
12668,50879,17,PC,177020.0,3009340.0
3939,63596,8,pcs,61372.5,490980.0
2448,64011,12,pcs,21209.0,254508.0
11044,60830,53,PC,79742.5,4226352.5
11229,60203,10,PC,86923.5,869235.0
12644,60015,71,PC,52521.50000000001,3729026.5
10936,66711,9,BG,1022.875,9205.88
8026,61154,3,PC,71267.25,213801.75
7343,60830,16,PC,79742.5,1275880.0
12465,60046,5,PC,57865.5,289327.5
8002,49215,3,PC,79325.0,237975.0
1460,60830,2,EA,79742.5,159485.0
10044,66937,19,PC,106045.0,2014855.0
6818,63302,277,PC,48012.5,13299462.5
4554,60830,4,EA,79742.5,318970.0
6033,60830,243,PC,79742.5,19377427.5
12635,59866,15,CT,57531.5,862972.5
3025,61182,9,PCS,43837.5,394537.5
3835,64869,5,pcs,252337.0,1261685.0
5262,60532,16,PC,114144.5,1826312.0
135,60830,2,nos,79742.5,159485.0
10104,61404,40,PC,56362.5,2254500.0
12566,32114,2,BX,1377.75,2755.5
9785,60830,6,PC,79742.5,478455.0
8427,60830,65,PC,79742.5,5183262.5
800,60830,14,nos,79742.5,1116395.0
7170,60947,5,PC,263776.5,1318882.5
428,60830,37,nos,79742.5,2950472.5
12318,61289,162,PC,39662.5,6425325.0
10950,61289,208,PC,39662.5,8249800.0
8410,60830,74,EA,79742.5,5900945.0
13295,41912,13,PC,149131.0,1938703.0
3188,61310,48,pcs,76152.0,3655296.0
1256,63047,12,nos,709.75,8517.0
13373,60057,3,RL,559.45,1678.35
12126,59829,13,CT,204909.0,2663817.0
4421,60102,2,BOX,2338.0,4676.0
11490,57870,73,CT,57782.023428731765,4218087.71
2319,32371,2,box,6730.1,13460.2
6715,61289,85,PC,39662.5,3371312.5
4666,62831,6,nos,758.18,4549.08
8275,56567,5,PC,159568.5,797842.5
9149,50921,32,PC,169339.7395833333,5418871.67
7750,37949,2,BX,9519.0,19038.0
6308,60830,86,PC,79742.5,6857855.0
6596,60940,5,PC,190547.0,952735.0
2528,45860,3,each,6188.185,18564.56
3185,61309,14,pcs,76152.0,1066128.0
11220,50875,151,PC,71643.0,10818093.0
13116,60830,91,PC,79742.5,7256567.5
10913,63351,2,BX,11794.375,23588.75
10661,41912,27,PC,149131.0,4026537.0
12462,61343,138,PC,59285.0,8181330.0
9280,60830,7,PC,79742.5,558197.5
11410,60047,43,PC,61121.99999999999,2628246.0
6235,61051,8,RL,626.25,5010.0
1,60830,4,EA,79742.5,318970.0
8359,49215,10,PC,79325.0,793250.0
3223,61309,74,pcs,76152.0,5635248.0
3579,63831,25,PCS,58450.0,1461250.0
3419,61265,48,pcs,43670.5,2096184.0
12247,51160,152,PC,51728.25,7862694.0
6358,51160,20,PC,51728.25,1034565.0
3129,34318,2,each,6886.245,13772.49
7628,37859,2,BX,3281.55,6563.1
13310,61289,207,PC,39662.5,8210137.5
10729,60947,10,PC,263776.5,2637765.0
8311,60409,90,PC,54108.0,4869720.0
11254,26930,13,PC,5427.5,70557.5
2019,66237,10,box,1796.92,17969.2
3979,63769,6,pcs,112307.5,673845.0
8828,61207,2,BD,7097.5,14195.0
6072,59947,146,PC,39662.5,5790725.0
6731,60015,47,PC,52521.50000000001,2468510.5
7564,61289,208,PC,39662.5,8249800.0
2865,60830,2,EACH,79742.5,159485.0
12010,61389,20,PC,76402.5,1528050.0
10886,61001,19,PC,140530.5,2670079.5
13372,60057,3,RL,559.45,1678.35
4982,60986,16,PC,125834.5,2013352.0
9637,60830,248,PC,79742.5,19776140.0
12609,46146,18,PC,1495.485,26918.73
9374,60409,10,PC,54108.0,541080.0
10150,61506,28,EA,208.75,5845.0
6671,10325,6,PC,114395.0,686370.0
217,60830,2,nos,79742.5,159485.0
9730,60191,13,PC,226368.5,2942790.5
4191,64847,7,pcs,18114.9075,126804.35
3017,60830,26,each,79742.5,2073305.0
12073,63981,68,CT,68470.0,4655960.0
867,64202,6,nos,42015.53,252093.18
6614,56907,9,PC,126753.0,1140777.0
44,60830,2,nos,79742.5,159485.0
18,60830,2,nos,79742.5,159485.0
7172,50879,4,PC,177020.0,708080.0
8168,51168,16,PC,52855.5,845688.0
1884,58225,28,PCS,48012.5,1344350.0
2997,60830,13,each,79742.5,1036652.5
11378,49026,12,PC,51519.5,618234.0
2999,63825,64,pc,83333.0,5333312.0
11205,60830,62,PC,79742.5,4944035.0
11351,49214,83,PC,179775.5,14921366.5
7133,61494,3,PC,287908.0,863724.0
4194,63630,2,box,14863.0,29726.0
3144,23650,2,roll,1884.595,3769.19
6940,61505,8,PC,522877.0,4183016.0
5293,59959,17,PC,49933.0,848861.0
12326,60759,10,PC,108132.5,1081325.0
12487,60899,9,PC,39662.5,356962.5
6260,59956,10,PC,96943.5,969435.0
260,60830,2,nos,79742.5,159485.0
9306,60409,6,PC,54108.0,324648.0
10733,66434,19,BG,864.225,16420.28
9442,60541,18,PC,120073.0,2161314.0
5641,60830,75,PC,79742.5,5980687.5
533,44138,2,nos,23379.165,46758.33
8640,63981,13,CT,68470.0,890110.0
10924,51160,16,PC,51728.25,827652.0
10774,59992,20,PC,47261.0,945220.0
9718,50879,27,PC,177020.0,4779540.0
12990,61468,57,PC,154475.0,8805075.0
11423,51168,24,PC,52855.5,1268532.0
12396,63981,11,CT,68470.0,753170.0
431,60830,2,nos,79742.5,159485.0
9387,51168,81,PC,52855.5,4281295.5
2329,58198,48,pcs,40080.0,1923840.0
4823,62639,3,nos,20171.095,60513.28
3438,59981,13,pcs,137274.0,1784562.0
578,44218,3,nos,18185.465,54556.4
12474,60409,14,PC,54108.0,757512.0
4861,62673,3,nos,24727.69,74183.07
8170,50891,4,PC,137190.5,548762.0
10311,62096,8,CT,463.425,3707.4
3722,61191,10,pcs,52354.5,523545.0
1699,60830,2,EA,79742.5,159485.0
762,64247,28,nos,711.42,19919.76
8746,49210,5,PC,115316.97916666667,576584.9
797,64249,20,nos,251.335,5026.7
8639,60830,15,PC,79742.5,1196137.5
5643,50921,17,PC,169339.7395833333,2878775.57
5590,50921,33,PC,169339.7395833333,5588211.41
9245,66930,4,CT,24632.5,98530.0
12135,49214,3,PC,179775.5,539326.5
12633,23772,19,PC,4062.275,77183.23
2547,64801,2,each,2097.52,4195.04
1942,63845,31,PCS,432.53,13408.43
3300,48572,3,pcs,113977.5,341932.5
5145,60015,190,PC,52521.50000000001,9979085.0
6694,65105,7,PC,302.6875,2118.81
2857,61384,7,pcs,57035.13888888889,399245.97
9808,60577,25,PC,152638.0,3815950.0
5704,60830,6,PC,79742.5,478455.0
4673,60830,3,nos,79742.5,239227.5
5825,61332,71,PC,68470.0,4861370.0
4103,21226,2,roll,626.25,1252.5
12079,61053,8,PC,112477.97916666666,899823.83
592,31984,3,nos,4591.665,13775.0
3367,58216,6,PCS,32064.0,192384.0
8445,60965,15,PC,186872.99999999997,2803095.0
1042,60830,5,nos,79742.5,398712.5
10802,60202,3,PA,75733.10833333334,227199.32
7069,60528,154,PC,111556.0,17179624.0
2518,50436,8,roll,354.04,2832.32
2222,58211,4,can,1983.125,7932.5
8806,62093,2,CT,981.125,1962.25
8813,43459,5,BD,6721.75,33608.75
3001,63897,34,pcs,79742.5,2711245.0
6114,60830,41,PC,79742.5,3269442.5
8360,59691,27,PC,80702.75,2178974.25
7503,56907,16,PC,126753.0,2028048.0
11225,61064,71,PC,185913.17602040817,13199835.5
961,60830,9,nos,79742.5,717682.5
2900,60830,2,pack,79742.5,159485.0
8652,63981,1,CT,68470.0,68470.0
7061,60904,3,PC,548929.0,1646787.0
3858,61206,10,pcs,61122.0,611220.0
884,46773,4,nos,12106.665,48426.66
4116,58209,115,PCS,48012.5,5521437.5
8450,67095,2,BC,18114.9075,36229.82
11074,60830,11,PC,79742.5,877167.5
6171,43462,11,BD,6027.865,66306.52
6805,60202,36,PA,75733.10833333334,2726391.9
12580,61289,161,PC,39662.5,6385662.5
8397,61410,91,PC,109134.5,9931239.5
4289,43855,3,each,743.15,2229.45
8362,66751,36,PA,1607.375,57865.5
6334,61051,21,CT,626.25,13151.25
9487,60015,28,PC,52521.50000000001,1470602.0
3038,63864,118,PCS,90681.0,10700358.0
2901,21895,2,box,5844.165,11688.33
6662,60830,339,PC,79742.5,27032707.5
2451,58211,5,can,1983.125,9915.62
12931,60958,13,PC,127922.0,1662986.0
10142,61395,27,PC,121492.5,3280297.5
4101,34318,2,each,6886.245,13772.49
11618,60933,183,PC,105293.5,19268710.5
12117,59798,9,CT,258015.0,2322135.0
1161,45808,6,nos,1587.335,9524.01
7978,60951,10,PC,228790.0,2287900.0
13030,62514,4,PC,53857.5,215430.0
10764,60830,12,PC,79742.5,956910.0
7309,53691,37,PC,39245.0,1452065.0
2155,62117,21,pcs,44672.5,938122.5
6970,46796,2,BX,8976.25,17952.5
7014,60140,7,PC,104792.5,733547.5
10609,61289,10,PC,39662.5,396625.0
3275,58198,51,pcs,40080.0,2044080.0
8257,61345,65,PC,45507.5,2957987.5
13201,61289,256,PC,39662.5,10153600.0
5560,66752,3,CT,1649.125,4947.38
11784,60191,25,PC,226368.5,5659212.5
10372,63667,13,PC,132347.5,1720517.5
13077,61380,22,PC,41082.0,903804.0
7079,62541,2,CT,21710.0,43420.0
1148,64318,22,nos,286.405,6300.91
8285,21458,85,PC,34903.0,2966755.0
4833,62785,3,nos,6059.595,18178.78
7326,50875,36,PC,71643.0,2579148.0
10176,51168,13,PC,52855.5,687121.5
11489,66797,505,PC,89762.5,45330062.5
7051,60409,18,PC,54108.0,973944.0
1887,65046,5,can,1983.125,9915.62
3878,21896,3,pack,2500.825,7502.48
1340,32683,2,nos,5528.535,11057.07
13269,60830,25,PC,79742.5,1993562.5
8489,60830,10,PC,79742.5,797425.0
6142,64779,57,CT,926.85,52830.45
9782,66681,9,PC,101118.5,910066.5
7900,60830,53,PC,79742.5,4226352.5
3106,58211,3,can,1983.125,5949.38
1502,43783,4,nos,1893.78,7575.12
11524,60986,17,PC,125834.5,2139186.5
2767,60830,9,PCS,79742.5,717682.5
4897,60830,2,nos,79742.5,159485.0
2821,63804,372,ctn,95231.75,35426211.0
11365,53844,6,PC,162073.5,972441.0
9924,61376,39,PC,194722.0,7594158.0
10410,50875,60,PC,71643.0,4298580.0
